Demand_Region,Supply_Hub,Route_Option,Distance_km,Waypoints_and_Highways
Bowen Basin,Adelaide (Cavan),Option 1,2171.1345,Carfax Road -> Golden Mile Road -> Queen Elizabeth Drive -> Garnham Drive -> Dysart Clermont Road -> Cotherstone Road -> Gregory Highway -> Hospital Road -> Ruby Street -> Clermont Street -> Vince Lester Bridge -> Capricorn Highway -> Gregory Highway -> Eclipse Street -> William Street -> Dawson Highway -> Carnarvon Highway -> Hutton Street -> Carnarvon Highway -> Knayers Lane -> Short Street -> George Street East -> Beaumont Drive -> Roslyn Drive -> Warrego Highway -> Carnarvon Highway -> Burrowes Street -> Cordelia Street -> Carnarvon Highway -> Salmon Road -> Carnarvon Highway -> Castlereagh Highway -> Railway Street -> Castlereagh Highway -> Margaret Street -> William Street -> Maud Street -> Woolerbilla Road -> Hebel - Goodooga Road -> Goodooga Road -> Adams Street -> Goodooga Road -> Kamilaroi Highway -> Bridge Road -> Barwon Street -> Doyle Street -> Darling Street -> Bathurst Street -> Kamilaroi Highway -> Mitchell Street -> Richard Street -> Gorrell Avenue -> Kidman Way -> Bourke Wilcannia Road -> Bloxham Street -> Bourke Wilcannia Road -> Curranyalpa Road -> Fifty Two Mile Road -> Tilpa-Tonga Road -> West Tilpa Road -> Bourke Street -> Reid Street -> Myers Street -> Barrier Highway -> Argent Street -> Iodide Street -> Cobalt Street -> Chloride Street -> Wolfram Street -> Gossan Street -> Talc Street -> Galena Street -> Rakow Street -> Barrier Highway -> Waite Terrace -> Barrier Highway -> Railway Terrace -> Barrier Highway -> Railway Terrace -> Barrier Highway -> Railway South Terrace -> Barrier Highway -> West Street -> Copperhouse Street -> Copperhouse Road -> Barrier Highway -> Weymouth Street -> Barrier Highway -> Burra Road -> Barrier Highway -> Torrens Road -> Barrier Highway -> Horrocks Highway -> Stockport - Tarlee Road -> Rohde Road -> Horrocks Highway -> Sturt Highway -> Gawler Bypass Road -> Main North Road -> Maxwell Road -> Bridge Road
Bowen Basin,Adelaide (Cavan),Option 2,2232.4824,"Carfax Road -> Golden Mile Road -> Queen Elizabeth Drive -> Garnham Drive -> Dysart Clermont Road -> Cotherstone Road -> Gregory Highway -> Hospital Road -> Ruby Street -> Clermont Street -> Vince Lester Bridge -> Capricorn Highway -> Gregory Highway -> Eclipse Street -> William Street -> Dawson Highway -> Carnarvon Highway -> Hutton Street -> Carnarvon Highway -> Knayers Lane -> Short Street -> George Street East -> Beaumont Drive -> Roslyn Drive -> Warrego Highway -> Carnarvon Highway -> Burrowes Street -> Cordelia Street -> Carnarvon Highway -> Salmon Road -> Carnarvon Highway -> Castlereagh Highway -> Railway Street -> Castlereagh Highway -> Margaret Street -> William Street -> Maud Street -> Woolerbilla Road -> Hebel - Goodooga Road -> Goodooga Road -> Adams Street -> Goodooga Road -> Kamilaroi Highway -> Bridge Road -> Barwon Street -> Doyle Street -> Darling Street -> Bathurst Street -> Kamilaroi Highway -> Mitchell Street -> Richard Street -> Gorrell Avenue -> Kidman Way -> Bourke Road -> Frederick Street -> Barton Street -> Marshall Street -> Barrier Highway -> The Wool Track -> Cobar-Ivanhoe Road -> Behring Street -> Columbus Street -> Balranald Road -> Balranald Ivanhoe Road -> Ivanhoe Road -> Hatfield Penarie Road -> Hatfield The Vale Road -> Magenta Wompo Road -> Marma Box Creek Road -> Arumpo Road -> Silver City Highway -> Sturt Highway -> Seventh Street -> Deakin Avenue -> Fifteenth Street -> Walnut Avenue -> Sixteenth Street -> Ontario Avenue -> Dow Avenue -> Eighteenth Street -> Sturt Highway -> Stanitzki Road -> Pike Creek Road -> Lyrup Main Road -> Downer Avenue -> Beames Road -> Thayne Terrace -> Wilson Parade -> Lyrup Ferry ""Kingfisher"" -> Lyrup Road -> Sturt Highway -> Moorundie Street -> Sturt Highway -> Gawler Bypass Road -> Main North Road -> Maxwell Road -> Bridge Road"
Bowen Basin,Brisbane (Yatala),Option 1,989.3029,Carfax Road -> Golden Mile Road -> Fitzroy Developmental Road -> Kennedy Street -> Normanby Street -> Fitzroy Developmental Road -> Capricorn Highway -> Theresa Street -> Capricorn Highway -> Bruce Highway -> Roe Street -> Bruce Highway -> Mulgrave Street -> Bruce Highway -> Churchill Street -> Bruce Highway -> Mayne Street -> Bruce Highway -> Gympie Arterial Road -> Gateway Motorway -> Pacific Motorway -> Stapylton Jacobs Well Road -> Stanmore Road -> Elderslie Road
Bowen Basin,Brisbane (Yatala),Option 2,993.9657,Carfax Road -> Golden Mile Road -> Fitzroy Developmental Road -> Kennedy Street -> Normanby Street -> Fitzroy Developmental Road -> Capricorn Highway -> Theresa Street -> Capricorn Highway -> Leichhardt Highway -> Burnett Highway -> Dawson Highway -> Burnett Highway -> Ramsay Street -> Burnett Highway -> Flinders Street -> Lister Street -> Burnett Highway -> Monal Street -> Burnett Highway -> Moreton Street -> Hodgkinson Street -> Burnett Highway -> Bridge Street -> Capper Street -> Burnett Highway -> Moore Street -> Burnett Highway -> Henry Street -> King Street -> D'Aguilar Highway -> Toomey Street -> D'Aguilar Highway -> Coulson Street -> D'Aguilar Highway -> Brisbane Valley Highway -> Ipswich Street -> Brisbane Valley Highway -> Warrego Highway -> Ipswich Motorway -> Logan Motorway -> Pacific Motorway -> Stapylton Jacobs Well Road -> Stanmore Road -> Elderslie Road
Bowen Basin,Emerald,Option 1,149.2729,Carfax Road -> Golden Mile Road -> Queen Elizabeth Drive -> Garnham Drive -> Dysart Clermont Road -> Cotherstone Road -> Gregory Highway -> Hospital Road -> Ruby Street -> Clermont Street -> Opal Street -> New Street
Bowen Basin,Kalgoorlie,Option 1,3944.6513999999997,Carfax Road -> Golden Mile Road -> Queen Elizabeth Drive -> Garnham Drive -> Dysart Clermont Road -> Cotherstone Road -> Gregory Highway -> Hospital Road -> Ruby Street -> Clermont Street -> Vince Lester Bridge -> Capricorn Highway -> Gregory Highway -> Eclipse Street -> William Street -> Dawson Highway -> Carnarvon Highway -> Hutton Street -> Carnarvon Highway -> Knayers Lane -> Short Street -> George Street East -> Beaumont Drive -> Roslyn Drive -> Warrego Highway -> Carnarvon Highway -> Burrowes Street -> Cordelia Street -> Carnarvon Highway -> Salmon Road -> Carnarvon Highway -> Castlereagh Highway -> Railway Street -> Castlereagh Highway -> Margaret Street -> William Street -> Maud Street -> Woolerbilla Road -> Hebel - Goodooga Road -> Goodooga Road -> Adams Street -> Goodooga Road -> Kamilaroi Highway -> Bridge Road -> Barwon Street -> Doyle Street -> Darling Street -> Bathurst Street -> Kamilaroi Highway -> Mitchell Street -> Richard Street -> Gorrell Avenue -> Kidman Way -> Bourke Wilcannia Road -> Bloxham Street -> Bourke Wilcannia Road -> Curranyalpa Road -> Fifty Two Mile Road -> Tilpa-Tonga Road -> West Tilpa Road -> Bourke Street -> Reid Street -> Myers Street -> Barrier Highway -> Argent Street -> Iodide Street -> Cobalt Street -> Chloride Street -> Wolfram Street -> Gossan Street -> Talc Street -> Galena Street -> Rakow Street -> Barrier Highway -> Waite Terrace -> Barrier Highway -> Railway Terrace -> Barrier Highway -> Railway Terrace -> Barrier Highway -> Petersburg Road -> Whittle Road -> Petersburg Road -> Main Street -> Petersburg Road -> RM Williams Way -> Second Street -> Willowie Road -> Horrocks Highway -> Horrocks Pass Road -> Main North Road -> Augusta Highway -> Victoria Parade -> Eyre Highway -> McKenzie Street -> Kuhlmann Street -> Eyre Highway -> Coolgardie-Esperance Highway -> Goldfields Highway -> Lane Street -> Federal Road -> Boulder Road -> Maritana Street -> Piccadilly Street -> Hawkins Street
Bowen Basin,Mackay (Paget),Option 1,218.4747,Carfax Road -> Fitzroy Developmental Road -> Peak Downs Highway -> Waverley Street -> Peak Downs Highway -> Archibald Street -> Connors Road -> John Vella Drive -> Central Park Drive -> Boundary Road East
Bowen Basin,Mt Thorley,Option 1,1418.2263,Carfax Road -> Golden Mile Road -> Queen Elizabeth Drive -> Garnham Drive -> Dysart Clermont Road -> Cotherstone Road -> Gregory Highway -> Hospital Road -> Ruby Street -> Clermont Street -> Vince Lester Bridge -> Capricorn Highway -> Gregory Highway -> Eclipse Street -> William Street -> Dawson Highway -> Carnarvon Highway -> Hutton Street -> Carnarvon Highway -> Knayers Lane -> Short Street -> George Street East -> Beaumont Drive -> Roslyn Drive -> Warrego Highway -> Carnarvon Highway -> Burrowes Street -> Cordelia Street -> Carnarvon Highway -> Salmon Road -> Carnarvon Highway -> St George Street -> Yarouah Street -> Carnarvon Highway -> Railway Parade -> Carnarvon Highway -> Boolooroo Street -> Carnarvon Highway -> Boggabilla Road -> Lou Swan Way -> Narrabri Road -> Newell Highway -> Gurley Street -> Newell Highway -> Railway Parade -> Newell Highway -> Barwan Street -> Spencer Street -> Maitland Street -> Old Gunnedah Road -> Turrawan Road -> Kamilaroi Highway -> Bibil Street -> Kamilaroi Highway -> Wee Waa Street -> Grantham Street -> Kamilaroi Highway -> Conadilly Street -> Warrabungle Street -> Bloomfield Street -> Oxley Highway -> Kamilaroi Highway -> Fitzroy Street -> Loder Street -> Kamilaroi Highway -> New England Highway -> Mayne Street -> New England Highway -> Salisbury Street -> New England Highway -> Main Street -> New England Highway -> Macqueen Street -> New England Highway -> Aberdeen Street -> New England Highway -> Bridge Street -> Sydney Street -> Denman Road -> Edderton Road -> Jerrys Plains Road -> Pringle Street -> Lonsdale Street -> Pagan Street -> Jerrys Plains Road -> Mount Thorley Road -> Kime Road
Bowen Basin,Mt Thorley,Option 2,1456.4159,Carfax Road -> Golden Mile Road -> Fitzroy Developmental Road -> Kennedy Street -> Normanby Street -> Fitzroy Developmental Road -> Capricorn Highway -> Theresa Street -> Capricorn Highway -> Leichhardt Highway -> Burnett Highway -> Leichhardt Highway -> Bowen Street -> Leichhardt Highway -> Bridge Street -> Wolsey Street -> Bonner Street -> Cromwell Street -> Leichhardt Highway -> Warrego Highway -> Murilla Street -> Leichhardt Highway -> Wambo Street -> Caliguel Street -> Leichhardt Highway -> Boundary Road -> Cunningham Highway -> Kildonan Road -> Keetah Road -> Tarwoona Road -> Holdfast Road -> Bruxner Way -> Richard Coventry Bridge -> River Street -> Bruxner Way -> Warialda Road -> Yetman Street -> Warialda Road -> Stephen Street -> Geddes Street -> Gwydir Highway -> Allan Cunningham Road -> Bingara Street -> Allan Cunningham Road -> East Street -> Finch Street -> Maitland Street -> Cobbadah Road -> Bingara Road -> Bridge Street -> Queen Street -> Manilla Road -> Rowan Street -> Arthur Street -> Tamworth Road -> Manilla Road -> Peel Street -> Brisbane Street -> Bridge Street -> Ebsworth Street -> Goonoo Goonoo Road -> New England Highway -> Coach Street -> New England Highway -> Mayne Street -> New England Highway -> Salisbury Street -> New England Highway -> Main Street -> New England Highway -> Macqueen Street -> New England Highway -> Aberdeen Street -> New England Highway -> Bridge Street -> Sydney Street -> Denman Road -> Edderton Road -> Jerrys Plains Road -> Pringle Street -> Lonsdale Street -> Pagan Street -> Jerrys Plains Road -> Mount Thorley Road -> Kime Road
Bowen Basin,Newman,Option 2,4914.5628,Carfax Road -> Golden Mile Road -> Queen Elizabeth Drive -> Garnham Drive -> Dysart Clermont Road -> Cotherstone Road -> Gregory Highway -> Hospital Road -> Ruby Street -> Clermont Street -> Vince Lester Bridge -> Capricorn Highway -> Gregory Highway -> Eclipse Street -> William Street -> Dawson Highway -> Carnarvon Highway -> Hutton Street -> Carnarvon Highway -> Knayers Lane -> Short Street -> George Street East -> Beaumont Drive -> Roslyn Drive -> Warrego Highway -> Carnarvon Highway -> Burrowes Street -> Cordelia Street -> Carnarvon Highway -> Salmon Road -> Carnarvon Highway -> Castlereagh Highway -> Railway Street -> Castlereagh Highway -> Margaret Street -> William Street -> Maud Street -> Woolerbilla Road -> Hebel - Goodooga Road -> Goodooga Road -> Adams Street -> Goodooga Road -> Kamilaroi Highway -> Bridge Road -> Barwon Street -> Doyle Street -> Darling Street -> Bathurst Street -> Kamilaroi Highway -> Mitchell Street -> Richard Street -> Gorrell Avenue -> Kidman Way -> Bourke Wilcannia Road -> Bloxham Street -> Bourke Wilcannia Road -> Curranyalpa Road -> Fifty Two Mile Road -> Tilpa-Tonga Road -> West Tilpa Road -> Bourke Street -> Reid Street -> Myers Street -> Barrier Highway -> Argent Street -> Iodide Street -> Cobalt Street -> Chloride Street -> Wolfram Street -> Gossan Street -> Talc Street -> Galena Street -> Rakow Street -> Barrier Highway -> Waite Terrace -> Barrier Highway -> Railway Terrace -> Barrier Highway -> Railway Terrace -> Barrier Highway -> Petersburg Road -> Whittle Road -> Petersburg Road -> Main Street -> Petersburg Road -> RM Williams Way -> Second Street -> Willowie Road -> Horrocks Highway -> Horrocks Pass Road -> Main North Road -> Augusta Highway -> Victoria Parade -> Eyre Highway -> McKenzie Street -> Kuhlmann Street -> Eyre Highway -> Coolgardie-Esperance Highway -> Goldfields Highway -> Tower Street -> Goldfields Highway -> Wotton Street -> Wiluna North Road -> Great Northern Highway -> Kalgan Drive -> Newman Drive -> Mindarra Drive -> Rudall Avenue -> Yalberee Street -> Giles Avenue -> Leete Place
Bowen Basin,Newman,Option 1,5022.777,Carfax Road -> Golden Mile Road -> Queen Elizabeth Drive -> Garnham Drive -> Dysart Clermont Road -> Cotherstone Road -> Gregory Highway -> Hospital Road -> Ruby Street -> Clermont Street -> Capricorn Highway -> Swinburne Street -> Capricorn Highway -> Shakespeare Street -> Capricorn Highway -> Darwin Street -> Capricorn Highway -> Oak Street -> Landsborough Highway -> Main Avenue -> Landsborough Highway -> Manifold Street -> Riley Street -> Landsborough Highway -> Kirby Street -> Landsborough Highway -> Flinders Highway -> McIlwraith Street -> Ramsay Street -> Flinders Highway -> Barkly Highway -> Marian Street -> Grace Street -> Barkly Highway -> Stuart Highway -> Roper Terrace -> Stuart Highway -> Bicentennial Road -> Victoria Highway -> Great Northern Highway -> Newman Drive -> Kurra Street -> Spring Street -> Wilara Street -> Selman Avenue -> Yalberee Street -> Giles Avenue -> Leete Place
Bowen Basin,Perth (Redcliffe),Option 1,4386.8546,Carfax Road -> Golden Mile Road -> Queen Elizabeth Drive -> Garnham Drive -> Dysart Clermont Road -> Cotherstone Road -> Gregory Highway -> Hospital Road -> Ruby Street -> Clermont Street -> Vince Lester Bridge -> Capricorn Highway -> Gregory Highway -> Eclipse Street -> William Street -> Dawson Highway -> Carnarvon Highway -> Hutton Street -> Carnarvon Highway -> Knayers Lane -> Short Street -> George Street East -> Beaumont Drive -> Roslyn Drive -> Warrego Highway -> Carnarvon Highway -> Burrowes Street -> Cordelia Street -> Carnarvon Highway -> Salmon Road -> Carnarvon Highway -> Castlereagh Highway -> Railway Street -> Castlereagh Highway -> Margaret Street -> William Street -> Maud Street -> Woolerbilla Road -> Hebel - Goodooga Road -> Goodooga Road -> Adams Street -> Goodooga Road -> Kamilaroi Highway -> Bridge Road -> Barwon Street -> Doyle Street -> Darling Street -> Bathurst Street -> Kamilaroi Highway -> Mitchell Street -> Richard Street -> Gorrell Avenue -> Kidman Way -> Bourke Wilcannia Road -> Bloxham Street -> Bourke Wilcannia Road -> Curranyalpa Road -> Fifty Two Mile Road -> Tilpa-Tonga Road -> West Tilpa Road -> Bourke Street -> Reid Street -> Myers Street -> Barrier Highway -> Argent Street -> Iodide Street -> Cobalt Street -> Chloride Street -> Wolfram Street -> Gossan Street -> Talc Street -> Galena Street -> Rakow Street -> Barrier Highway -> Waite Terrace -> Barrier Highway -> Railway Terrace -> Barrier Highway -> Railway Terrace -> Barrier Highway -> Petersburg Road -> Whittle Road -> Petersburg Road -> Main Street -> Petersburg Road -> RM Williams Way -> Second Street -> Willowie Road -> Horrocks Highway -> Horrocks Pass Road -> Main North Road -> Augusta Highway -> Victoria Parade -> Eyre Highway -> McKenzie Street -> Kuhlmann Street -> Eyre Highway -> Coolgardie-Esperance Highway -> Hyden Road -> Hyden-Norseman Road -> East Hyden Bin Road -> Hyden-Lake King Road -> Marshall Street -> Kondinin Hyden Road -> Cook Street -> Howlett Street -> Corrigin Kondinin Road -> Kunjin Street -> Brookton-Corrigin Road -> Brookton Highway -> Chevin Road -> Canning Mills Road -> Mills Road East -> Tonkin Highway -> Dunreath Drive -> Fauntleroy Avenue -> Great Eastern Highway
Bowen Basin,Sydney (Erskine Park),Option 1,1615.8244,Carfax Road -> Golden Mile Road -> Queen Elizabeth Drive -> Garnham Drive -> Dysart Clermont Road -> Cotherstone Road -> Gregory Highway -> Hospital Road -> Ruby Street -> Clermont Street -> Vince Lester Bridge -> Capricorn Highway -> Gregory Highway -> Eclipse Street -> William Street -> Dawson Highway -> Carnarvon Highway -> Hutton Street -> Carnarvon Highway -> Knayers Lane -> Short Street -> George Street East -> Beaumont Drive -> Roslyn Drive -> Warrego Highway -> Carnarvon Highway -> Burrowes Street -> Cordelia Street -> Carnarvon Highway -> Salmon Road -> Carnarvon Highway -> St George Street -> Yarouah Street -> Carnarvon Highway -> Railway Parade -> Carnarvon Highway -> Boolooroo Street -> Carnarvon Highway -> Boggabilla Road -> Lou Swan Way -> Narrabri Road -> Newell Highway -> Gurley Street -> Newell Highway -> Railway Parade -> Newell Highway -> Barwan Street -> Spencer Street -> Maitland Street -> Old Gunnedah Road -> Turrawan Road -> Kamilaroi Highway -> Bibil Street -> Kamilaroi Highway -> Wee Waa Street -> Grantham Street -> Kamilaroi Highway -> Conadilly Street -> Warrabungle Street -> Bloomfield Street -> Oxley Highway -> Kamilaroi Highway -> Fitzroy Street -> Loder Street -> Kamilaroi Highway -> New England Highway -> Mayne Street -> New England Highway -> Salisbury Street -> New England Highway -> Main Street -> New England Highway -> Macqueen Street -> New England Highway -> Aberdeen Street -> New England Highway -> Bridge Street -> Haydon Street -> Maitland Street -> New England Highway -> George Street -> Maitland Road -> New England Highway -> Hunter Expressway -> Pacific Motorway Onramp -> Pacific Motorway -> NorthConnex -> M2 Hills Motorway -> Abbott Road -> Prospect Highway -> Wall Park Avenue -> Blacktown Road -> Prospect Highway -> Western Motorway Onramp -> Western Motorway -> Roper Road Offramp -> Erskine Park Road -> Coonawarra Drive -> Arundel Park Drive -> Lauriston Place
Bowen Basin,Sydney (Erskine Park),Option 2,1711.1128,Carfax Road -> Golden Mile Road -> Fitzroy Developmental Road -> Kennedy Street -> Normanby Street -> Fitzroy Developmental Road -> Capricorn Highway -> Theresa Street -> Capricorn Highway -> Leichhardt Highway -> Burnett Highway -> Leichhardt Highway -> Bowen Street -> Leichhardt Highway -> Bridge Street -> Wolsey Street -> Bonner Street -> Cromwell Street -> Leichhardt Highway -> Warrego Highway -> Murilla Street -> Leichhardt Highway -> Wambo Street -> Caliguel Street -> Leichhardt Highway -> Boundary Road -> Cunningham Highway -> Kildonan Road -> Keetah Road -> Tarwoona Road -> Holdfast Road -> Bruxner Way -> Richard Coventry Bridge -> River Street -> Bruxner Way -> Warialda Road -> Yetman Road -> Wallangra Road -> Frazer Street -> Inverell Street -> Bonshaw Road -> Emmaville Road -> Gordons Road -> Strathbogie Road -> Martin Street -> Grafton Street -> Church Street -> New England Highway -> Malpas Street -> Falconer Street -> New England Highway -> Bridge Street -> Salisbury Street -> Duke Street -> Thunderbolts Way -> Uralla Road -> Derby Street -> Thunderbolts Way -> Argyle Street -> Thunderbolts Way -> Boundary Street -> Philip Street -> Church Street -> The Bucketts Way -> Cowper Street -> Berkeley Street -> The Bucketts Way -> Pacific Highway -> Maitland Road -> New England Highway -> John Renshaw Drive -> Pacific Motorway -> NorthConnex -> M2 Hills Motorway -> Abbott Road -> Prospect Highway -> Wall Park Avenue -> Blacktown Road -> Prospect Highway -> Western Motorway Onramp -> Western Motorway -> Roper Road Offramp -> Erskine Park Road -> Coonawarra Drive -> Arundel Park Drive -> Lauriston Place
Hunter Valley,Adelaide (Cavan),Option 1,1461.4802,"Lemington Road -> New England Highway -> Thomas Mitchell Drive -> Denman Road -> Bengalla Road -> Wybong Road -> Merriwa Road -> Bylong Valley Way -> Wollar Road -> Maitland Street -> Barigan Street -> Ulan - Wollar Road -> Ulan Road -> Main Street -> Mackay Street -> Robison Street -> Cope Road -> Station Street -> Herbert Street -> Mayne Street -> Goolma Road -> Mitchell Highway -> Lee Street -> Nanima Crescent -> Percy Street -> Showground Road -> Renshaw McGirr Way -> Renshaw-McGirr Way -> Renshaw McGirr Way -> Forbes Street -> Renshaw-McGirr Way -> Coobang Road -> Newell Highway -> Parkes Road -> Dowling Street -> Sherriff Street -> Newell Highway -> Neeld Street -> Compton Road -> Showground Road -> Mid Western Highway -> Railway Street -> Mid Western Highway -> Boomerang Street -> Mid Western Highway -> Zara Street -> Mid Western Highway -> Murray Street -> Lachlan Street -> Cobb Highway -> Moama Street -> Sturt Highway -> Market Street -> Sturt Highway -> Bertram Road -> Morris Road -> Sturt Highway -> Adelaide Street -> Sturt Highway -> Hendy Road -> Sturt Highway -> Seventh Street -> Deakin Avenue -> Fifteenth Street -> Walnut Avenue -> Sixteenth Street -> Ontario Avenue -> Dow Avenue -> Eighteenth Street -> Sturt Highway -> Stanitzki Road -> Pike Creek Road -> Lyrup Main Road -> Downer Avenue -> Beames Road -> Thayne Terrace -> Wilson Parade -> Lyrup Ferry ""Kingfisher"" -> Lyrup Road -> Sturt Highway -> Moorundie Street -> Sturt Highway -> Gawler Bypass Road -> Main North Road -> Maxwell Road -> Bridge Road"
Hunter Valley,Adelaide (Cavan),Option 2,1556.2635,Lemington Road -> New England Highway -> Thomas Mitchell Drive -> Denman Road -> Bengalla Road -> Wybong Road -> Merriwa Road -> Golden Highway -> King George V Avenue -> Bettington Street -> Telfer Street -> Golden Highway -> Sullivan Street -> Bolaro Street -> Castlereagh Highway -> Bandulla Street -> Castlereagh Highway -> Newell Highway -> Castlereagh Street -> Willie Street -> Waugan Street -> Warren Road -> Oxley Highway -> Coonamble Road -> Burton Street -> Oxley Highway -> Warren Street -> Trangie Street -> Mitchell Highway -> Nymagee Street -> Moonagee Street -> Pangee Street -> Mitchell Highway -> Barrier Highway -> Nyngan Road -> Marshall Street -> Barrier Highway -> Myers Street -> Barrier Highway -> Argent Street -> Iodide Street -> Cobalt Street -> Chloride Street -> Wolfram Street -> Gossan Street -> Talc Street -> Galena Street -> Rakow Street -> Barrier Highway -> Waite Terrace -> Barrier Highway -> Railway Terrace -> Barrier Highway -> Railway Terrace -> Barrier Highway -> Railway South Terrace -> Barrier Highway -> West Street -> Copperhouse Street -> Copperhouse Road -> Barrier Highway -> Weymouth Street -> Barrier Highway -> Burra Road -> Barrier Highway -> Torrens Road -> Barrier Highway -> Horrocks Highway -> Stockport - Tarlee Road -> Rohde Road -> Horrocks Highway -> Sturt Highway -> Gawler Bypass Road -> Main North Road -> Maxwell Road -> Bridge Road
Hunter Valley,Brisbane (Yatala),Option 2,746.7211,Lemington Road -> New England Highway -> Maitland Street -> Lorne Street -> Haydon Street -> Bridge Street -> New England Highway -> Aberdeen Street -> New England Highway -> Macqueen Street -> New England Highway -> Main Street -> New England Highway -> Salisbury Street -> New England Highway -> Mayne Street -> New England Highway -> Coach Street -> New England Highway -> Whitehouse Lane -> Marsden Park Road -> Calala Lane -> O'Briens Lane -> Nundle Road -> New England Highway -> Gill Street -> New England Highway -> Bridge Street -> New England Highway -> Falconer Street -> Malpas Street -> New England Highway -> Church Street -> New England Highway -> Tenterfield Street -> New England Highway -> Rouse Street -> Miles Street -> Logan Street -> Mount Lindesay Road -> Acacia Avenue -> Mount Lindesay Road -> Unumgar Street -> Mount Lindesay Road -> Summerland Way -> Mount Lindesay Highway -> Telemon Street -> William Street -> Albert Street -> Beaudesert - Nerang Road -> Beaudesert Beenleigh Road -> Stanmore Road -> Darlington Drive -> Elderslie Road
Hunter Valley,Brisbane (Yatala),Option 1,804.5238,Lemington Road -> New England Highway -> George Street -> Maitland Road -> New England Highway -> Hunter Expressway -> John Renshaw Drive Offramp -> John Renshaw Drive -> New England Highway -> Maitland Road -> Pacific Highway -> Bengal Street -> Pacific Highway -> Pacific Motorway -> Pacific Highway -> Pacific Motorway -> Pacific Highway -> Grafton Street -> Pacific Highway -> Pacific Motorway -> Cuthbert Drive -> Elderslie Road
Hunter Valley,Emerald,Option 1,1248.6442,Lemington Road -> New England Highway -> Maitland Street -> Lorne Street -> Haydon Street -> Bridge Street -> New England Highway -> Aberdeen Street -> New England Highway -> Macqueen Street -> New England Highway -> Main Street -> New England Highway -> Salisbury Street -> New England Highway -> Mayne Street -> New England Highway -> Kamilaroi Highway -> Loder Street -> Fitzroy Street -> Kamilaroi Highway -> Oxley Highway -> Bloomfield Street -> Warrabungle Street -> Conadilly Street -> Kamilaroi Highway -> Grantham Street -> Wee Waa Street -> Kamilaroi Highway -> Bibil Street -> Kamilaroi Highway -> Turrawan Road -> Old Gunnedah Road -> Spencer Street -> Barwan Street -> Newell Highway -> Railway Parade -> Newell Highway -> Gurley Street -> Newell Highway -> Narrabri Road -> Lou Swan Way -> Boggabilla Road -> Carnarvon Highway -> Boolooroo Street -> Carnarvon Highway -> Railway Parade -> Carnarvon Highway -> Yarouah Street -> St George Street -> Carnarvon Highway -> Salmon Road -> Carnarvon Highway -> Cordelia Street -> Burrowes Street -> Carnarvon Highway -> Warrego Highway -> Roslyn Drive -> Beaumont Drive -> George Street East -> Short Street -> Knayers Lane -> Carnarvon Highway -> Hutton Street -> Carnarvon Highway -> Dawson Highway -> William Street -> Eclipse Street -> Eclipse Street Bypass -> Gregory Highway -> Capricorn Highway -> Vince Lester Bridge -> Clermont Street -> Opal Street -> New Street
Hunter Valley,Emerald,Option 2,1300.902,Lemington Road -> New England Highway -> Maitland Street -> Lorne Street -> Haydon Street -> Bridge Street -> New England Highway -> Aberdeen Street -> New England Highway -> Macqueen Street -> New England Highway -> Main Street -> New England Highway -> Salisbury Street -> New England Highway -> Mayne Street -> New England Highway -> Coach Street -> New England Highway -> Goonoo Goonoo Road -> Ebsworth Street -> Bridge Street -> Brisbane Street -> Peel Street -> Manilla Road -> Tamworth Road -> Arthur Street -> Rowan Street -> Manilla Road -> Queen Street -> Bridge Street -> Bingara Road -> Cobbadah Road -> Maitland Street -> Finch Street -> East Street -> Allan Cunningham Road -> Bingara Street -> Allan Cunningham Road -> Gwydir Highway -> Geddes Street -> Stephen Street -> Warialda Road -> Yetman Street -> Warialda Road -> Bruxner Way -> River Street -> Richard Coventry Bridge -> Bruxner Way -> Holdfast Road -> Tarwoona Road -> Keetah Road -> Kildonan Road -> Cunningham Highway -> Boundary Road -> Leichhardt Highway -> Surat Developmental Road -> Sybil Street -> Riverglen Road -> Schwennesens Road -> Overstone Road -> Warkon Road -> Scotsburn Road -> Retreat Road -> Roma Condamine Road -> Carnarvon Highway -> Warrego Highway -> Roslyn Drive -> Beaumont Drive -> George Street East -> Short Street -> Knayers Lane -> Carnarvon Highway -> Hutton Street -> Carnarvon Highway -> Dawson Highway -> William Street -> Eclipse Street -> Eclipse Street Bypass -> Gregory Highway -> Capricorn Highway -> Vince Lester Bridge -> Clermont Street -> Opal Street -> New Street
Hunter Valley,Kalgoorlie,Option 1,3329.7805,Lemington Road -> New England Highway -> Thomas Mitchell Drive -> Denman Road -> Bengalla Road -> Wybong Road -> Merriwa Road -> Golden Highway -> King George V Avenue -> Bettington Street -> Telfer Street -> Golden Highway -> Sullivan Street -> Bolaro Street -> Castlereagh Highway -> Bandulla Street -> Castlereagh Highway -> Newell Highway -> Castlereagh Street -> Willie Street -> Waugan Street -> Warren Road -> Oxley Highway -> Coonamble Road -> Burton Street -> Oxley Highway -> Warren Street -> Trangie Street -> Mitchell Highway -> Nymagee Street -> Moonagee Street -> Pangee Street -> Mitchell Highway -> Barrier Highway -> Nyngan Road -> Marshall Street -> Barrier Highway -> Myers Street -> Barrier Highway -> Argent Street -> Iodide Street -> Cobalt Street -> Chloride Street -> Wolfram Street -> Gossan Street -> Talc Street -> Galena Street -> Rakow Street -> Barrier Highway -> Waite Terrace -> Barrier Highway -> Railway Terrace -> Barrier Highway -> Railway Terrace -> Barrier Highway -> Petersburg Road -> Whittle Road -> Petersburg Road -> Main Street -> Petersburg Road -> RM Williams Way -> Second Street -> Willowie Road -> Horrocks Highway -> Horrocks Pass Road -> Main North Road -> Augusta Highway -> Victoria Parade -> Eyre Highway -> McKenzie Street -> Kuhlmann Street -> Eyre Highway -> Coolgardie-Esperance Highway -> Goldfields Highway -> Lane Street -> Federal Road -> Boulder Road -> Maritana Street -> Piccadilly Street -> Hawkins Street
Hunter Valley,Kalgoorlie,Option 2,3469.0422000000003,"Lemington Road -> New England Highway -> Thomas Mitchell Drive -> Denman Road -> Bengalla Road -> Wybong Road -> Merriwa Road -> Bylong Valley Way -> Wollar Road -> Maitland Street -> Barigan Street -> Ulan - Wollar Road -> Ulan Road -> Main Street -> Mackay Street -> Robison Street -> Cope Road -> Station Street -> Herbert Street -> Mayne Street -> Goolma Road -> Mitchell Highway -> Lee Street -> Nanima Crescent -> Percy Street -> Showground Road -> Renshaw McGirr Way -> Renshaw-McGirr Way -> Renshaw McGirr Way -> Forbes Street -> Renshaw-McGirr Way -> Coobang Road -> Newell Highway -> Parkes Road -> Dowling Street -> Sherriff Street -> Newell Highway -> Neeld Street -> Compton Road -> Showground Road -> Mid Western Highway -> Railway Street -> Mid Western Highway -> Boomerang Street -> Mid Western Highway -> Zara Street -> Mid Western Highway -> Murray Street -> Lachlan Street -> Cobb Highway -> Moama Street -> Sturt Highway -> Market Street -> Sturt Highway -> Bertram Road -> Morris Road -> Sturt Highway -> Adelaide Street -> Sturt Highway -> Hendy Road -> Sturt Highway -> Seventh Street -> Deakin Avenue -> Fifteenth Street -> Walnut Avenue -> Sixteenth Street -> Ontario Avenue -> Dow Avenue -> Eighteenth Street -> Sturt Highway -> Stanitzki Road -> Pike Creek Road -> Lyrup Main Road -> Downer Avenue -> Beames Road -> Thayne Terrace -> Wilson Parade -> Lyrup Ferry ""Kingfisher"" -> Lyrup Road -> Sturt Highway -> Goyder Highway -> Ring Road -> Goyder Highway -> Ludgvan Street -> Barrier Highway -> Wilkins Highway -> Cockburn Road -> Ayr Street -> Vohr Street -> Ayr Street -> Clyde Street -> Appila Road -> Crossman Road -> Kelly Road -> Nukunu Yarta Way -> Whitewell Road -> Willochra Road -> Girdham Road -> Waters Road -> Arthur Road -> Reichstein Road -> Arthur Road -> Horrocks Highway -> Horrocks Pass Road -> Main North Road -> Augusta Highway -> Victoria Parade -> Eyre Highway -> McKenzie Street -> Kuhlmann Street -> Eyre Highway -> Coolgardie-Esperance Highway -> Goldfields Highway -> Lane Street -> Federal Road -> Boulder Road -> Maritana Street -> Piccadilly Street -> Hawkins Street"
Hunter Valley,Mackay (Paget),Option 1,1527.9111,Lemington Road -> New England Highway -> Maitland Street -> Lorne Street -> Haydon Street -> Bridge Street -> New England Highway -> Aberdeen Street -> New England Highway -> Macqueen Street -> New England Highway -> Main Street -> New England Highway -> Salisbury Street -> New England Highway -> Mayne Street -> New England Highway -> Kamilaroi Highway -> Loder Street -> Fitzroy Street -> Kamilaroi Highway -> Oxley Highway -> Bloomfield Street -> Warrabungle Street -> Conadilly Street -> Kamilaroi Highway -> Grantham Street -> Wee Waa Street -> Kamilaroi Highway -> Bibil Street -> Kamilaroi Highway -> Turrawan Road -> Old Gunnedah Road -> Spencer Street -> Barwan Street -> Newell Highway -> Railway Parade -> Newell Highway -> Gurley Street -> Newell Highway -> Narrabri Road -> Lou Swan Way -> Newell Highway -> Cunningham Highway -> Boundary Road -> Leichhardt Highway -> Caliguel Street -> Wambo Street -> Leichhardt Highway -> Murilla Street -> Warrego Highway -> Leichhardt Highway -> Cromwell Street -> Bonner Street -> Wolsey Street -> Bridge Street -> Leichhardt Highway -> Bowen Street -> Leichhardt Highway -> Burnett Highway -> Coronation Drive -> Central Street -> James Street -> Burnett Highway -> Bruce Highway -> Yeppen Crossing -> Lower Dawson Road (Bruce Highway) -> Gladstone Road (Bruce Highway) -> George Street (Bruce Highway) -> Fitzroy Street -> Queen Elizabeth Drive -> Musgrave Street -> Yaamba Road (Bruce Highway) -> Bruce Highway -> Kunwarara Road -> Bruce Highway -> Brown Street -> Bruce Highway -> Broad Street -> Bruce Highway -> Farrellys Road -> Michelmore Street -> Boundary Road East
Hunter Valley,Mackay (Paget),Option 2,1540.348,Lemington Road -> New England Highway -> Maitland Street -> Lorne Street -> Haydon Street -> Bridge Street -> New England Highway -> Aberdeen Street -> New England Highway -> Macqueen Street -> New England Highway -> Main Street -> New England Highway -> Salisbury Street -> New England Highway -> Mayne Street -> New England Highway -> Coach Street -> New England Highway -> Goonoo Goonoo Road -> Ebsworth Street -> Bridge Street -> Brisbane Street -> Peel Street -> Manilla Road -> Tamworth Road -> Arthur Street -> Rowan Street -> Manilla Road -> Queen Street -> Bridge Street -> Bingara Road -> Cobbadah Road -> Maitland Street -> Finch Street -> East Street -> Allan Cunningham Road -> Bingara Street -> Allan Cunningham Road -> Gwydir Highway -> Geddes Street -> Stephen Street -> Warialda Road -> Yetman Street -> Warialda Road -> Bruxner Way -> River Street -> Richard Coventry Bridge -> Bruxner Way -> Holdfast Road -> Tarwoona Road -> Keetah Road -> Kildonan Road -> Cunningham Highway -> Boundary Road -> Leichhardt Highway -> Caliguel Street -> Wambo Street -> Leichhardt Highway -> Murilla Street -> Warrego Highway -> Leichhardt Highway -> Cromwell Street -> Bonner Street -> Wolsey Street -> Bridge Street -> Leichhardt Highway -> Bowen Street -> Leichhardt Highway -> Burnett Highway -> Coronation Drive -> Central Street -> James Street -> Burnett Highway -> Bruce Highway -> Yeppen Crossing -> Lower Dawson Road (Bruce Highway) -> Gladstone Road (Bruce Highway) -> George Street (Bruce Highway) -> Fitzroy Street -> Queen Elizabeth Drive -> Musgrave Street -> Yaamba Road (Bruce Highway) -> Bruce Highway -> Kunwarara Road -> Bruce Highway -> Brown Street -> Bruce Highway -> Broad Street -> Bruce Highway -> Farrellys Road -> Michelmore Street -> Boundary Road East
Hunter Valley,Mt Thorley,Option 1,38.9641,Lemington Road -> New England Highway -> Bridgman Road -> Dunolly Road -> John Street -> Putty Road -> Mount Thorley Road -> Kime Road
Hunter Valley,Mt Thorley,Option 2,40.207,Lemington Road -> Jerrys Plains Road -> Mount Thorley Road -> Kime Road
Hunter Valley,Newman,Option 1,4299.6918,Lemington Road -> New England Highway -> Thomas Mitchell Drive -> Denman Road -> Bengalla Road -> Wybong Road -> Merriwa Road -> Golden Highway -> King George V Avenue -> Bettington Street -> Telfer Street -> Golden Highway -> Sullivan Street -> Bolaro Street -> Castlereagh Highway -> Bandulla Street -> Castlereagh Highway -> Newell Highway -> Castlereagh Street -> Willie Street -> Waugan Street -> Warren Road -> Oxley Highway -> Coonamble Road -> Burton Street -> Oxley Highway -> Warren Street -> Trangie Street -> Mitchell Highway -> Nymagee Street -> Moonagee Street -> Pangee Street -> Mitchell Highway -> Barrier Highway -> Nyngan Road -> Marshall Street -> Barrier Highway -> Myers Street -> Barrier Highway -> Argent Street -> Iodide Street -> Cobalt Street -> Chloride Street -> Wolfram Street -> Gossan Street -> Talc Street -> Galena Street -> Rakow Street -> Barrier Highway -> Waite Terrace -> Barrier Highway -> Railway Terrace -> Barrier Highway -> Railway Terrace -> Barrier Highway -> Petersburg Road -> Whittle Road -> Petersburg Road -> Main Street -> Petersburg Road -> RM Williams Way -> Second Street -> Willowie Road -> Horrocks Highway -> Horrocks Pass Road -> Main North Road -> Augusta Highway -> Victoria Parade -> Eyre Highway -> McKenzie Street -> Kuhlmann Street -> Eyre Highway -> Coolgardie-Esperance Highway -> Goldfields Highway -> Tower Street -> Goldfields Highway -> Wotton Street -> Wiluna North Road -> Great Northern Highway -> Kalgan Drive -> Newman Drive -> Mindarra Drive -> Rudall Avenue -> Yalberee Street -> Giles Avenue -> Leete Place
Hunter Valley,Newman,Option 2,4438.9535,"Lemington Road -> New England Highway -> Thomas Mitchell Drive -> Denman Road -> Bengalla Road -> Wybong Road -> Merriwa Road -> Bylong Valley Way -> Wollar Road -> Maitland Street -> Barigan Street -> Ulan - Wollar Road -> Ulan Road -> Main Street -> Mackay Street -> Robison Street -> Cope Road -> Station Street -> Herbert Street -> Mayne Street -> Goolma Road -> Mitchell Highway -> Lee Street -> Nanima Crescent -> Percy Street -> Showground Road -> Renshaw McGirr Way -> Renshaw-McGirr Way -> Renshaw McGirr Way -> Forbes Street -> Renshaw-McGirr Way -> Coobang Road -> Newell Highway -> Parkes Road -> Dowling Street -> Sherriff Street -> Newell Highway -> Neeld Street -> Compton Road -> Showground Road -> Mid Western Highway -> Railway Street -> Mid Western Highway -> Boomerang Street -> Mid Western Highway -> Zara Street -> Mid Western Highway -> Murray Street -> Lachlan Street -> Cobb Highway -> Moama Street -> Sturt Highway -> Market Street -> Sturt Highway -> Bertram Road -> Morris Road -> Sturt Highway -> Adelaide Street -> Sturt Highway -> Hendy Road -> Sturt Highway -> Seventh Street -> Deakin Avenue -> Fifteenth Street -> Walnut Avenue -> Sixteenth Street -> Ontario Avenue -> Dow Avenue -> Eighteenth Street -> Sturt Highway -> Stanitzki Road -> Pike Creek Road -> Lyrup Main Road -> Downer Avenue -> Beames Road -> Thayne Terrace -> Wilson Parade -> Lyrup Ferry ""Kingfisher"" -> Lyrup Road -> Sturt Highway -> Goyder Highway -> Ring Road -> Goyder Highway -> Ludgvan Street -> Barrier Highway -> Wilkins Highway -> Cockburn Road -> Ayr Street -> Vohr Street -> Ayr Street -> Clyde Street -> Appila Road -> Crossman Road -> Kelly Road -> Nukunu Yarta Way -> Whitewell Road -> Willochra Road -> Girdham Road -> Waters Road -> Arthur Road -> Reichstein Road -> Arthur Road -> Horrocks Highway -> Horrocks Pass Road -> Main North Road -> Augusta Highway -> Victoria Parade -> Eyre Highway -> McKenzie Street -> Kuhlmann Street -> Eyre Highway -> Coolgardie-Esperance Highway -> Goldfields Highway -> Tower Street -> Goldfields Highway -> Wotton Street -> Wiluna North Road -> Great Northern Highway -> Kalgan Drive -> Newman Drive -> Mindarra Drive -> Rudall Avenue -> Yalberee Street -> Giles Avenue -> Leete Place"
Hunter Valley,Perth (Redcliffe),Option 1,3771.9837,Lemington Road -> New England Highway -> Thomas Mitchell Drive -> Denman Road -> Bengalla Road -> Wybong Road -> Merriwa Road -> Golden Highway -> King George V Avenue -> Bettington Street -> Telfer Street -> Golden Highway -> Sullivan Street -> Bolaro Street -> Castlereagh Highway -> Bandulla Street -> Castlereagh Highway -> Newell Highway -> Castlereagh Street -> Willie Street -> Waugan Street -> Warren Road -> Oxley Highway -> Coonamble Road -> Burton Street -> Oxley Highway -> Warren Street -> Trangie Street -> Mitchell Highway -> Nymagee Street -> Moonagee Street -> Pangee Street -> Mitchell Highway -> Barrier Highway -> Nyngan Road -> Marshall Street -> Barrier Highway -> Myers Street -> Barrier Highway -> Argent Street -> Iodide Street -> Cobalt Street -> Chloride Street -> Wolfram Street -> Gossan Street -> Talc Street -> Galena Street -> Rakow Street -> Barrier Highway -> Waite Terrace -> Barrier Highway -> Railway Terrace -> Barrier Highway -> Railway Terrace -> Barrier Highway -> Petersburg Road -> Whittle Road -> Petersburg Road -> Main Street -> Petersburg Road -> RM Williams Way -> Second Street -> Willowie Road -> Horrocks Highway -> Horrocks Pass Road -> Main North Road -> Augusta Highway -> Victoria Parade -> Eyre Highway -> McKenzie Street -> Kuhlmann Street -> Eyre Highway -> Coolgardie-Esperance Highway -> Hyden Road -> Hyden-Norseman Road -> East Hyden Bin Road -> Hyden-Lake King Road -> Marshall Street -> Kondinin Hyden Road -> Cook Street -> Howlett Street -> Corrigin Kondinin Road -> Kunjin Street -> Brookton-Corrigin Road -> Brookton Highway -> Chevin Road -> Canning Mills Road -> Mills Road East -> Tonkin Highway -> Dunreath Drive -> Fauntleroy Avenue -> Great Eastern Highway
Hunter Valley,Perth (Redcliffe),Option 2,3911.2454,"Lemington Road -> New England Highway -> Thomas Mitchell Drive -> Denman Road -> Bengalla Road -> Wybong Road -> Merriwa Road -> Bylong Valley Way -> Wollar Road -> Maitland Street -> Barigan Street -> Ulan - Wollar Road -> Ulan Road -> Main Street -> Mackay Street -> Robison Street -> Cope Road -> Station Street -> Herbert Street -> Mayne Street -> Goolma Road -> Mitchell Highway -> Lee Street -> Nanima Crescent -> Percy Street -> Showground Road -> Renshaw McGirr Way -> Renshaw-McGirr Way -> Renshaw McGirr Way -> Forbes Street -> Renshaw-McGirr Way -> Coobang Road -> Newell Highway -> Parkes Road -> Dowling Street -> Sherriff Street -> Newell Highway -> Neeld Street -> Compton Road -> Showground Road -> Mid Western Highway -> Railway Street -> Mid Western Highway -> Boomerang Street -> Mid Western Highway -> Zara Street -> Mid Western Highway -> Murray Street -> Lachlan Street -> Cobb Highway -> Moama Street -> Sturt Highway -> Market Street -> Sturt Highway -> Bertram Road -> Morris Road -> Sturt Highway -> Adelaide Street -> Sturt Highway -> Hendy Road -> Sturt Highway -> Seventh Street -> Deakin Avenue -> Fifteenth Street -> Walnut Avenue -> Sixteenth Street -> Ontario Avenue -> Dow Avenue -> Eighteenth Street -> Sturt Highway -> Stanitzki Road -> Pike Creek Road -> Lyrup Main Road -> Downer Avenue -> Beames Road -> Thayne Terrace -> Wilson Parade -> Lyrup Ferry ""Kingfisher"" -> Lyrup Road -> Sturt Highway -> Goyder Highway -> Ring Road -> Goyder Highway -> Ludgvan Street -> Barrier Highway -> Wilkins Highway -> Cockburn Road -> Ayr Street -> Vohr Street -> Ayr Street -> Clyde Street -> Appila Road -> Crossman Road -> Kelly Road -> Nukunu Yarta Way -> Whitewell Road -> Willochra Road -> Girdham Road -> Waters Road -> Arthur Road -> Reichstein Road -> Arthur Road -> Horrocks Highway -> Horrocks Pass Road -> Main North Road -> Augusta Highway -> Victoria Parade -> Eyre Highway -> McKenzie Street -> Kuhlmann Street -> Eyre Highway -> Coolgardie-Esperance Highway -> Hyden Road -> Hyden-Norseman Road -> East Hyden Bin Road -> Hyden-Lake King Road -> Marshall Street -> Kondinin Hyden Road -> Cook Street -> Howlett Street -> Corrigin Kondinin Road -> Kunjin Street -> Brookton-Corrigin Road -> Brookton Highway -> Chevin Road -> Canning Mills Road -> Mills Road East -> Tonkin Highway -> Dunreath Drive -> Fauntleroy Avenue -> Great Eastern Highway"
Hunter Valley,Sydney (Erskine Park),Option 2,231.529,Lemington Road -> New England Highway -> Bridgman Road -> Dunolly Road -> John Street -> Putty Road -> Wilberforce Road -> Bridge Street -> Macquarie Street -> George Street -> Blacktown Road -> Richmond Road -> Westlink M7 Onramp -> Westlink M7 -> Western Motorway Offramp -> Western Motorway Onramp -> Western Motorway -> Roper Road Offramp -> Erskine Park Road -> Coonawarra Drive -> Arundel Park Drive -> Lauriston Place
Hunter Valley,Sydney (Erskine Park),Option 1,239.4914,Lemington Road -> New England Highway -> George Street -> Maitland Road -> New England Highway -> Hunter Expressway -> Pacific Motorway Onramp -> Pacific Motorway -> NorthConnex -> M2 Hills Motorway -> Abbott Road -> Prospect Highway -> Wall Park Avenue -> Blacktown Road -> Prospect Highway -> Western Motorway Onramp -> Western Motorway -> Roper Road Offramp -> Erskine Park Road -> Coonawarra Drive -> Arundel Park Drive -> Lauriston Place
Olympic Dam,Adelaide (Cavan),Option 1,567.6148000000001,Olympic Dam Way -> Olympic Dam Highway -> Stuart Highway -> Eyre Highway -> Victoria Parade -> Augusta Highway -> Frances Terrace -> Augusta Highway -> Port Wakefield Highway -> Port Wakefield Road -> Ryans Road -> Salisbury Highway -> Elder Smith Road -> Maxwell Road -> Bridge Road
Olympic Dam,Brisbane (Yatala),Option 1,2119.8545,Olympic Dam Way -> Olympic Dam Highway -> Stuart Highway -> Eyre Highway -> Victoria Parade -> Augusta Highway -> Main North Road -> Horrocks Pass Road -> Horrocks Highway -> Willowie Road -> Second Street -> RM Williams Way -> Petersburg Road -> Main Street -> Petersburg Road -> Barrier Highway -> Railway Terrace -> Barrier Highway -> Railway Terrace -> Barrier Highway -> Railway Terrace -> Barrier Highway -> Waite Terrace -> Barrier Highway -> Rakow Street -> Galena Street -> Talc Street -> Gossan Street -> Wolfram Street -> Chloride Street -> Cobalt Street -> Iodide Street -> Argent Street -> Barrier Highway -> Myers Street -> Reid Street -> Bourke Street -> West Tilpa Road -> Tilpa-Tonga Road -> Fifty Two Mile Road -> Curranyalpa Road -> Bourke Wilcannia Road -> Bloxham Street -> Bourke Wilcannia Road -> Kidman Way -> Gorrell Avenue -> Richard Street -> Mitchell Street -> Kamilaroi Highway -> Bathurst Street -> Young Street -> Hardie Street -> Bridge Road -> Kamilaroi Highway -> Wee Waa Street -> Peel Street -> Montkeila Street -> Fox Street -> Castlereagh Highway -> Gwydir Highway -> Herbert Street -> Gundabloui Road -> Mungindi Collarenebri Road -> Carnarvon Highway -> St George Street -> Yarouah Street -> Carrigan Road -> Baronga Street -> Carrigan Road -> Gunsynd Way -> McLean Street -> Marshall Street -> Moffatt Street -> Russell Street -> Riddle Street -> Boundary Road -> Leichhardt Highway -> Gore Highway -> Commens Street -> Gore Highway -> Mary Street -> Gore Highway -> Warrego Highway -> Ipswich Motorway -> Logan Motorway -> Pacific Motorway -> Stapylton Jacobs Well Road -> Stanmore Road -> Elderslie Road
Olympic Dam,Emerald,Option 1,1802.9416,Borefield Road -> Oodnadatta Track -> Birdsville Track -> Birdsville Developmental Road -> Diamantina Developmental Road -> Albert Street -> Maryborough Street -> Quilpie Windorah Road -> Thomson Developmental Road -> Dickson Street -> Thomson Developmental Road -> Eagle Street -> Landsborough Highway -> Main Avenue -> Landsborough Highway -> Oak Street -> Capricorn Highway -> Darwin Street -> Capricorn Highway -> Shakespeare Street -> Swinburne Street -> Capricorn Highway -> Clermont Street -> Selma Road -> Roberts Street -> New Street
Olympic Dam,Emerald,Option 2,2213.4489,Olympic Dam Way -> Olympic Dam Highway -> Stuart Highway -> Eyre Highway -> Victoria Parade -> Augusta Highway -> Main North Road -> Horrocks Pass Road -> Horrocks Highway -> Willowie Road -> Second Street -> RM Williams Way -> Petersburg Road -> Main Street -> Petersburg Road -> Barrier Highway -> Railway Terrace -> Barrier Highway -> Railway Terrace -> Barrier Highway -> Railway Terrace -> Barrier Highway -> Waite Terrace -> Barrier Highway -> Rakow Street -> Galena Street -> Talc Street -> Gossan Street -> Wolfram Street -> Chloride Street -> Cobalt Street -> Iodide Street -> Argent Street -> Barrier Highway -> Myers Street -> Reid Street -> Bourke Street -> West Tilpa Road -> Tilpa-Tonga Road -> Fifty Two Mile Road -> Curranyalpa Road -> Bourke Wilcannia Road -> Bloxham Street -> Bourke Wilcannia Road -> Kidman Way -> Gorrell Avenue -> Richard Street -> Mitchell Street -> Kamilaroi Highway -> Bathurst Street -> Young Street -> Hardie Street -> Bridge Road -> Kamilaroi Highway -> Goodooga Road -> Adams Street -> Goodooga Road -> Hebel - Goodooga Road -> Woolerbilla Road -> Maud Street -> William Street -> Margaret Street -> Castlereagh Highway -> Railway Street -> Castlereagh Highway -> Carnarvon Highway -> Salmon Road -> Carnarvon Highway -> Cordelia Street -> Burrowes Street -> Carnarvon Highway -> Warrego Highway -> Roslyn Drive -> Beaumont Drive -> George Street East -> Short Street -> Knayers Lane -> Carnarvon Highway -> Hutton Street -> Carnarvon Highway -> Dawson Highway -> William Street -> Eclipse Street -> Eclipse Street Bypass -> Gregory Highway -> Capricorn Highway -> Vince Lester Bridge -> Clermont Street -> Opal Street -> New Street
Olympic Dam,Kalgoorlie,Option 1,2123.2745,Olympic Dam Way -> Olympic Dam Highway -> Stuart Highway -> Eyre Highway -> McKenzie Street -> Kuhlmann Street -> Eyre Highway -> Coolgardie-Esperance Highway -> Goldfields Highway -> Lane Street -> Federal Road -> Boulder Road -> Maritana Street -> Piccadilly Street -> Hawkins Street
Olympic Dam,Mackay (Paget),Option 1,2147.8571,Borefield Road -> Oodnadatta Track -> Birdsville Track -> Birdsville Developmental Road -> Diamantina Developmental Road -> Albert Street -> Maryborough Street -> Quilpie Windorah Road -> Thomson Developmental Road -> Dickson Street -> Thomson Developmental Road -> Eagle Street -> Landsborough Highway -> Main Avenue -> Landsborough Highway -> Oak Street -> Capricorn Highway -> Darwin Street -> Capricorn Highway -> Shakespeare Street -> Swinburne Street -> Capricorn Highway -> Anakie Sapphire Road -> Anakie-Sapphire Road -> Anakie Sapphire Road -> Rubyvale Road -> Clermont Road -> Capella Rubyvale Road -> Clermont Rubyvale Road -> Christoe Street -> Rubyvale Road -> Copperfield Road -> Jellicoe Street -> Tropic Street -> Clermont Connection Road -> Gregory Highway -> Archibald Street -> Connors Road -> John Vella Drive -> Central Park Drive -> Boundary Road East
Olympic Dam,Mackay (Paget),Option 2,2574.4048,Olympic Dam Way -> Olympic Dam Highway -> Stuart Highway -> Eyre Highway -> Victoria Parade -> Augusta Highway -> Main North Road -> Horrocks Pass Road -> Horrocks Highway -> Willowie Road -> Second Street -> RM Williams Way -> Petersburg Road -> Main Street -> Petersburg Road -> Barrier Highway -> Railway Terrace -> Barrier Highway -> Railway Terrace -> Barrier Highway -> Railway Terrace -> Barrier Highway -> Waite Terrace -> Barrier Highway -> Rakow Street -> Galena Street -> Talc Street -> Gossan Street -> Wolfram Street -> Chloride Street -> Cobalt Street -> Iodide Street -> Argent Street -> Barrier Highway -> Myers Street -> Reid Street -> Bourke Street -> West Tilpa Road -> Tilpa-Tonga Road -> Fifty Two Mile Road -> Curranyalpa Road -> Bourke Wilcannia Road -> Bloxham Street -> Bourke Wilcannia Road -> Kidman Way -> Gorrell Avenue -> Richard Street -> Mitchell Street -> Kamilaroi Highway -> Bathurst Street -> Young Street -> Hardie Street -> Bridge Road -> Kamilaroi Highway -> Goodooga Road -> Adams Street -> Goodooga Road -> Hebel - Goodooga Road -> Woolerbilla Road -> Maud Street -> William Street -> Margaret Street -> Castlereagh Highway -> Railway Street -> Castlereagh Highway -> Carnarvon Highway -> Salmon Road -> Carnarvon Highway -> Cordelia Street -> Burrowes Street -> Carnarvon Highway -> Yuleba-Surat Road -> Roma Condamine Road -> Yuleba - Surat Road -> Bedwell Street -> Warrego Highway -> Yuleba North Road -> Horse Creek Road -> Bundi Road -> Perretts Road -> Chapmans Road -> Yeovil Road -> Roma Taroom Road -> Roma - Taroom Road -> Leichhardt Highway -> Bowen Street -> Leichhardt Highway -> Burnett Highway -> Coronation Drive -> Central Street -> James Street -> Burnett Highway -> Bruce Highway -> Yeppen Crossing -> Lower Dawson Road (Bruce Highway) -> Gladstone Road (Bruce Highway) -> George Street (Bruce Highway) -> Fitzroy Street -> Queen Elizabeth Drive -> Musgrave Street -> Yaamba Road (Bruce Highway) -> Bruce Highway -> Kunwarara Road -> Bruce Highway -> Brown Street -> Bruce Highway -> Broad Street -> Bruce Highway -> Farrellys Road -> Michelmore Street -> Boundary Road East
Olympic Dam,Mt Thorley,Option 1,1740.5128,Olympic Dam Way -> Olympic Dam Highway -> Stuart Highway -> Eyre Highway -> Victoria Parade -> Augusta Highway -> Main North Road -> Horrocks Pass Road -> Horrocks Highway -> Willowie Road -> Second Street -> RM Williams Way -> Petersburg Road -> Main Street -> Petersburg Road -> Barrier Highway -> Railway Terrace -> Barrier Highway -> Railway Terrace -> Barrier Highway -> Railway Terrace -> Barrier Highway -> Waite Terrace -> Barrier Highway -> Rakow Street -> Galena Street -> Talc Street -> Gossan Street -> Wolfram Street -> Chloride Street -> Cobalt Street -> Iodide Street -> Argent Street -> Barrier Highway -> Myers Street -> Barrier Highway -> Marshall Street -> Nyngan Road -> Barrier Highway -> Mitchell Highway -> Pangee Street -> Moonagee Street -> Nymagee Street -> Mitchell Highway -> Trangie Street -> Warren Street -> Oxley Highway -> Burton Street -> Coonamble Road -> Oxley Highway -> Warren Road -> Waugan Street -> Willie Street -> Castlereagh Street -> Jack Renshaw Bridge -> Newell Highway -> Castlereagh Highway -> Bandulla Street -> Castlereagh Highway -> Bolaro Street -> Sullivan Street -> Golden Highway -> Telfer Street -> Bettington Street -> King George V Avenue -> Golden Highway -> Merriwa Road -> Palace Street -> Crinoline Street -> Denman Road -> Jerrys Plains Road -> Pringle Street -> Lonsdale Street -> Pagan Street -> Jerrys Plains Road -> Mount Thorley Road -> Kime Road
Olympic Dam,Mt Thorley,Option 2,1875.4116999999999,"Olympic Dam Way -> Olympic Dam Highway -> Stuart Highway -> Eyre Highway -> Victoria Parade -> Augusta Highway -> Main North Road -> Horrocks Pass Road -> Horrocks Highway -> Arthur Road -> Reichstein Road -> Arthur Road -> Waters Road -> Girdham Road -> Willochra Road -> Whitewell Road -> Nukunu Yarta Way -> Kelly Road -> Crossman Road -> Appila Road -> Clyde Street -> Ayr Street -> Vohr Street -> Ayr Street -> Cockburn Road -> Wilkins Highway -> Barrier Highway -> Ludgvan Street -> Goyder Highway -> Ring Road -> Goyder Highway -> Sturt Highway -> Lyrup Road -> Lyrup Ferry ""Kingfisher"" -> Wilson Parade -> Thayne Terrace -> Beames Road -> Downer Avenue -> Lyrup Main Road -> Pike Creek Road -> Stanitzki Road -> Sturt Highway -> Eighteenth Street -> Dow Avenue -> Ontario Avenue -> Sixteenth Street -> Walnut Avenue -> Fifteenth Street -> Deakin Avenue -> Seventh Street -> Sturt Highway -> Hendy Road -> Sturt Highway -> Adelaide Street -> Sturt Highway -> Morris Road -> Bertram Road -> Sturt Highway -> Market Street -> McCabe Street -> Sturt Highway -> Moama Street -> Cobb Highway -> Lachlan Street -> Murray Street -> Mid Western Highway -> Zara Street -> Mid Western Highway -> Boomerang Street -> Mid Western Highway -> Railway Street -> Mid Western Highway -> Showground Road -> Compton Road -> Neeld Street -> Newell Highway -> Sherriff Street -> Dowling Street -> Parkes Road -> Newell Highway -> Coobang Road -> Renshaw-McGirr Way -> Forbes Street -> Renshaw McGirr Way -> Renshaw-McGirr Way -> Renshaw McGirr Way -> Showground Road -> Percy Street -> Nanima Crescent -> Lee Street -> Mitchell Highway -> Goolma Road -> Mayne Street -> Herbert Street -> Station Street -> Cope Road -> Robison Street -> Mackay Street -> Main Street -> Ulan Road -> Ulan - Wollar Road -> Barigan Street -> Maitland Street -> Wollar Road -> Bylong Valley Way -> Yarrawa Road -> Virginia Street -> Crinoline Street -> Denman Road -> Jerrys Plains Road -> Pringle Street -> Lonsdale Street -> Pagan Street -> Jerrys Plains Road -> Mount Thorley Road -> Kime Road"
Olympic Dam,Newman,Option 1,3093.1859,Olympic Dam Way -> Olympic Dam Highway -> Stuart Highway -> Eyre Highway -> McKenzie Street -> Kuhlmann Street -> Eyre Highway -> Coolgardie-Esperance Highway -> Goldfields Highway -> Tower Street -> Goldfields Highway -> Wotton Street -> Wiluna North Road -> Great Northern Highway -> Kalgan Drive -> Newman Drive -> Mindarra Drive -> Rudall Avenue -> Yalberee Street -> Giles Avenue -> Leete Place
Olympic Dam,Perth (Redcliffe),Option 1,2565.4777999999997,Olympic Dam Way -> Olympic Dam Highway -> Stuart Highway -> Eyre Highway -> McKenzie Street -> Kuhlmann Street -> Eyre Highway -> Coolgardie-Esperance Highway -> Hyden Road -> Hyden-Norseman Road -> East Hyden Bin Road -> Hyden-Lake King Road -> Marshall Street -> Kondinin Hyden Road -> Cook Street -> Howlett Street -> Corrigin Kondinin Road -> Kunjin Street -> Brookton-Corrigin Road -> Brookton Highway -> Chevin Road -> Canning Mills Road -> Mills Road East -> Tonkin Highway -> Dunreath Drive -> Fauntleroy Avenue -> Great Eastern Highway
Olympic Dam,Perth (Redcliffe),Option 2,2569.1184,Olympic Dam Way -> Olympic Dam Highway -> Stuart Highway -> Eyre Highway -> Victoria Parade -> Mackay Street -> Dunn Street -> Mackay Street -> Victoria Parade -> Eyre Highway -> McKenzie Street -> Kuhlmann Street -> Eyre Highway -> Coolgardie-Esperance Highway -> Hyden Road -> Hyden-Norseman Road -> East Hyden Bin Road -> Hyden-Lake King Road -> Marshall Street -> Kondinin Hyden Road -> Cook Street -> Howlett Street -> Corrigin Kondinin Road -> Kunjin Street -> Brookton-Corrigin Road -> Brookton Highway -> Chevin Road -> Canning Mills Road -> Mills Road East -> Tonkin Highway -> Dunreath Drive -> Fauntleroy Avenue -> Great Eastern Highway
Olympic Dam,Sydney (Erskine Park),Option 2,1789.8818,Olympic Dam Way -> Olympic Dam Highway -> Stuart Highway -> Eyre Highway -> Victoria Parade -> Augusta Highway -> Main North Road -> Horrocks Pass Road -> Horrocks Highway -> Willowie Road -> Second Street -> RM Williams Way -> Petersburg Road -> Main Street -> Petersburg Road -> Barrier Highway -> Railway Terrace -> Barrier Highway -> Railway Terrace -> Barrier Highway -> Railway Terrace -> Barrier Highway -> Waite Terrace -> Barrier Highway -> Rakow Street -> Galena Street -> Talc Street -> Gossan Street -> Wolfram Street -> Chloride Street -> Cobalt Street -> Iodide Street -> Argent Street -> Barrier Highway -> Myers Street -> Barrier Highway -> Marshall Street -> Nyngan Road -> Barrier Highway -> Mitchell Highway -> Pangee Street -> Moonagee Street -> Nymagee Street -> Mitchell Highway -> Trangie Street -> Mitchell Highway -> Narromine Street -> Dubbo Road -> Mitchell Highway -> Trangie Road -> Dandaloo Street -> Derribong Avenue -> Algalah Street -> Tomingley Road -> Newell Highway -> Gundong Road -> Obley Road -> Obley Street -> Banjo Paterson Way -> Obley Street -> Banjo Paterson Way -> Castle Street -> Market Street -> Hill Street -> Watson Street -> Mitchell Highway -> Northern Distributor Road -> Mitchell Highway -> Vittoria Street -> Brilliant Street -> Stewart Street -> Durham Street -> Kendall Avenue -> Great Western Highway -> Sydney Road -> Great Western Highway -> Main Street -> Lithgow Street -> Mort Street -> Hartley Valley Road -> Browns Gap Road -> Hartley Vale Road -> Jr Street -> Fryer Street -> Hartley Vale Road -> Darling Causeway -> Station Street -> Harley Avenue -> Great Western Highway -> Western Motorway -> Mamre Road Offramp -> Mamre Road -> Banks Drive -> St Clair Avenue -> Rochford Street -> Melville Road -> Moore Street -> Endeavour Avenue -> Bennett Road -> Coonawarra Drive -> Arundel Park Drive -> Lauriston Place
Olympic Dam,Sydney (Erskine Park),Option 1,1796.4613,"Olympic Dam Way -> Olympic Dam Highway -> Stuart Highway -> Eyre Highway -> Victoria Parade -> Augusta Highway -> Main North Road -> Horrocks Pass Road -> Horrocks Highway -> Arthur Road -> Reichstein Road -> Arthur Road -> Waters Road -> Girdham Road -> Willochra Road -> Whitewell Road -> Nukunu Yarta Way -> Kelly Road -> Crossman Road -> Appila Road -> Clyde Street -> Ayr Street -> Vohr Street -> Ayr Street -> Cockburn Road -> Wilkins Highway -> Barrier Highway -> Ludgvan Street -> Goyder Highway -> Ring Road -> Goyder Highway -> Sturt Highway -> Lyrup Road -> Lyrup Ferry ""Kingfisher"" -> Wilson Parade -> Thayne Terrace -> Beames Road -> Downer Avenue -> Lyrup Main Road -> Pike Creek Road -> Stanitzki Road -> Sturt Highway -> Eighteenth Street -> Dow Avenue -> Ontario Avenue -> Sixteenth Street -> Walnut Avenue -> Fifteenth Street -> Deakin Avenue -> Seventh Street -> Sturt Highway -> Hendy Road -> Sturt Highway -> Adelaide Street -> Sturt Highway -> Morris Road -> Bertram Road -> Sturt Highway -> Market Street -> McCabe Street -> Sturt Highway -> Moama Street -> Sturt Highway -> Newell Highway -> Sturt Highway -> Edward Street -> Hammond Avenue -> Sturt Highway -> Hume Highway Onramp -> Hume Highway -> Hume Motorway -> Westlink M7 -> Western Motorway Offramp -> Western Motorway Onramp -> Western Motorway -> Roper Road Offramp -> Erskine Park Road -> Coonawarra Drive -> Arundel Park Drive -> Lauriston Place"
Pilbara,Adelaide (Cavan),Option 1,3419.6528,Yandeyarra Outcamp Access Road -> Great Northern Highway -> Wiluna North Road -> Wotton Street -> Goldfields Highway -> Tower Street -> Goldfields Highway -> Coolgardie-Esperance Highway -> Eyre Highway -> Kuhlmann Street -> McKenzie Street -> Eyre Highway -> Victoria Parade -> Augusta Highway -> Frances Terrace -> Augusta Highway -> Port Wakefield Highway -> Port Wakefield Road -> Ryans Road -> Salisbury Highway -> Elder Smith Road -> Maxwell Road -> Bridge Road
Pilbara,Brisbane (Yatala),Option 2,4971.8925,Yandeyarra Outcamp Access Road -> Great Northern Highway -> Wiluna North Road -> Wotton Street -> Goldfields Highway -> Tower Street -> Goldfields Highway -> Coolgardie-Esperance Highway -> Eyre Highway -> Kuhlmann Street -> McKenzie Street -> Eyre Highway -> Victoria Parade -> Augusta Highway -> Main North Road -> Horrocks Pass Road -> Horrocks Highway -> Willowie Road -> Second Street -> RM Williams Way -> Petersburg Road -> Main Street -> Petersburg Road -> Barrier Highway -> Railway Terrace -> Barrier Highway -> Railway Terrace -> Barrier Highway -> Railway Terrace -> Barrier Highway -> Waite Terrace -> Barrier Highway -> Rakow Street -> Galena Street -> Talc Street -> Gossan Street -> Wolfram Street -> Chloride Street -> Cobalt Street -> Iodide Street -> Argent Street -> Barrier Highway -> Myers Street -> Reid Street -> Bourke Street -> West Tilpa Road -> Tilpa-Tonga Road -> Fifty Two Mile Road -> Curranyalpa Road -> Bourke Wilcannia Road -> Bloxham Street -> Bourke Wilcannia Road -> Kidman Way -> Gorrell Avenue -> Richard Street -> Mitchell Street -> Kamilaroi Highway -> Bathurst Street -> Young Street -> Hardie Street -> Bridge Road -> Kamilaroi Highway -> Wee Waa Street -> Peel Street -> Montkeila Street -> Fox Street -> Castlereagh Highway -> Gwydir Highway -> Herbert Street -> Gundabloui Road -> Mungindi Collarenebri Road -> Carnarvon Highway -> St George Street -> Yarouah Street -> Carrigan Road -> Baronga Street -> Carrigan Road -> Gunsynd Way -> McLean Street -> Marshall Street -> Moffatt Street -> Russell Street -> Riddle Street -> Boundary Road -> Leichhardt Highway -> Gore Highway -> Commens Street -> Gore Highway -> Mary Street -> Gore Highway -> Warrego Highway -> Ipswich Motorway -> Logan Motorway -> Pacific Motorway -> Stapylton Jacobs Well Road -> Stanmore Road -> Elderslie Road
Pilbara,Brisbane (Yatala),Option 1,5418.813,Yandeyarra Outcamp Access Road -> Great Northern Highway -> Victoria Highway -> Bicentennial Road -> Stuart Highway -> Roper Terrace -> Stuart Highway -> Barkly Highway -> Grace Street -> Marian Street -> Barkly Highway -> Flinders Highway -> Ramsay Street -> McIlwraith Street -> Flinders Highway -> Landsborough Highway -> Kirby Street -> Landsborough Highway -> Riley Street -> Manifold Street -> Landsborough Highway -> Main Avenue -> Landsborough Highway -> Oak Street -> Box Street -> Landsborough Highway -> Shamrock Street -> Landsborough Highway -> Arthur Street -> Landsborough Highway -> Warrego Highway -> Albert Street -> Warrego Highway -> Tyrconnel Street -> Warrego Highway -> Cambridge Street -> Warrego Highway -> Queen Street -> George Street -> Warrego Highway -> Quintin Street -> Bowen Street -> Warrego Highway -> George Street -> Warrego Highway -> Glynn Avenue -> Warrego Highway -> Sturt Street -> Warrego Highway -> Murilla Street -> Warrego Highway -> Thorn Street -> Warrego Highway -> Yaralla Road -> Jandowae Road -> Warrego Highway -> Drayton Street -> Warrego Highway -> Ipswich Motorway -> Logan Motorway -> Pacific Motorway -> Stapylton Jacobs Well Road -> Stanmore Road -> Elderslie Road
Pilbara,Emerald,Option 1,4642.853,Yandeyarra Outcamp Access Road -> Great Northern Highway -> Victoria Highway -> Bicentennial Road -> Stuart Highway -> Roper Terrace -> Stuart Highway -> Barkly Highway -> Grace Street -> Marian Street -> Barkly Highway -> Flinders Highway -> Ramsay Street -> McIlwraith Street -> Flinders Highway -> Landsborough Highway -> Kirby Street -> Landsborough Highway -> Riley Street -> Manifold Street -> Landsborough Highway -> Main Avenue -> Landsborough Highway -> Oak Street -> Capricorn Highway -> Darwin Street -> Capricorn Highway -> Shakespeare Street -> Swinburne Street -> Capricorn Highway -> Clermont Street -> Selma Road -> Roberts Street -> New Street
Pilbara,Kalgoorlie,Option 1,1272.3528000000001,Yandeyarra Outcamp Access Road -> Great Northern Highway -> Wiluna North Road -> Wotton Street -> Goldfields Highway -> Tower Street -> Goldfields Highway -> Piccadilly Street -> Hawkins Street
Pilbara,Mackay (Paget),Option 1,4816.38,Yandeyarra Outcamp Access Road -> Great Northern Highway -> Victoria Highway -> Bicentennial Road -> Stuart Highway -> Roper Terrace -> Stuart Highway -> Barkly Highway -> Grace Street -> Marian Street -> Barkly Highway -> Flinders Highway -> Ramsay Street -> McIlwraith Street -> Flinders Highway -> Goldring Street -> Flinders Highway -> Larsen Street -> Goldring Street -> Flinders Highway -> Richmond Hill Drive -> Stansfield Street -> Gray Street -> Flinders Highway -> Savage Street -> Flinders Highway -> York Street -> Norman Dungavell Road -> New Queen Road -> Flinders Highway -> Woodstock-Giru Road -> Bruce Highway -> Jones Street -> Railway Street -> Bower Street -> Bruce Highway -> Home Hill Road -> Bruce Highway -> Bridge Road -> Milton Street -> Boundary Road East
Pilbara,Mt Thorley,Option 1,4592.5509,Yandeyarra Outcamp Access Road -> Great Northern Highway -> Wiluna North Road -> Wotton Street -> Goldfields Highway -> Tower Street -> Goldfields Highway -> Coolgardie-Esperance Highway -> Eyre Highway -> Kuhlmann Street -> McKenzie Street -> Eyre Highway -> Victoria Parade -> Augusta Highway -> Main North Road -> Horrocks Pass Road -> Horrocks Highway -> Willowie Road -> Second Street -> RM Williams Way -> Petersburg Road -> Main Street -> Petersburg Road -> Barrier Highway -> Railway Terrace -> Barrier Highway -> Railway Terrace -> Barrier Highway -> Railway Terrace -> Barrier Highway -> Waite Terrace -> Barrier Highway -> Rakow Street -> Galena Street -> Talc Street -> Gossan Street -> Wolfram Street -> Chloride Street -> Cobalt Street -> Iodide Street -> Argent Street -> Barrier Highway -> Myers Street -> Barrier Highway -> Marshall Street -> Nyngan Road -> Barrier Highway -> Mitchell Highway -> Pangee Street -> Moonagee Street -> Nymagee Street -> Mitchell Highway -> Trangie Street -> Warren Street -> Oxley Highway -> Burton Street -> Coonamble Road -> Oxley Highway -> Warren Road -> Waugan Street -> Willie Street -> Castlereagh Street -> Jack Renshaw Bridge -> Newell Highway -> Castlereagh Highway -> Bandulla Street -> Castlereagh Highway -> Bolaro Street -> Sullivan Street -> Golden Highway -> Telfer Street -> Bettington Street -> King George V Avenue -> Golden Highway -> Merriwa Road -> Palace Street -> Crinoline Street -> Denman Road -> Jerrys Plains Road -> Pringle Street -> Lonsdale Street -> Pagan Street -> Jerrys Plains Road -> Mount Thorley Road -> Kime Road
Pilbara,Mt Thorley,Option 2,4727.4497,"Yandeyarra Outcamp Access Road -> Great Northern Highway -> Wiluna North Road -> Wotton Street -> Goldfields Highway -> Tower Street -> Goldfields Highway -> Coolgardie-Esperance Highway -> Eyre Highway -> Kuhlmann Street -> McKenzie Street -> Eyre Highway -> Victoria Parade -> Augusta Highway -> Main North Road -> Horrocks Pass Road -> Horrocks Highway -> Arthur Road -> Reichstein Road -> Arthur Road -> Waters Road -> Girdham Road -> Willochra Road -> Whitewell Road -> Nukunu Yarta Way -> Kelly Road -> Crossman Road -> Appila Road -> Clyde Street -> Ayr Street -> Vohr Street -> Ayr Street -> Cockburn Road -> Wilkins Highway -> Barrier Highway -> Ludgvan Street -> Goyder Highway -> Ring Road -> Goyder Highway -> Sturt Highway -> Lyrup Road -> Lyrup Ferry ""Kingfisher"" -> Wilson Parade -> Thayne Terrace -> Beames Road -> Downer Avenue -> Lyrup Main Road -> Pike Creek Road -> Stanitzki Road -> Sturt Highway -> Eighteenth Street -> Dow Avenue -> Ontario Avenue -> Sixteenth Street -> Walnut Avenue -> Fifteenth Street -> Deakin Avenue -> Seventh Street -> Sturt Highway -> Hendy Road -> Sturt Highway -> Adelaide Street -> Sturt Highway -> Morris Road -> Bertram Road -> Sturt Highway -> Market Street -> McCabe Street -> Sturt Highway -> Moama Street -> Cobb Highway -> Lachlan Street -> Murray Street -> Mid Western Highway -> Zara Street -> Mid Western Highway -> Boomerang Street -> Mid Western Highway -> Railway Street -> Mid Western Highway -> Showground Road -> Compton Road -> Neeld Street -> Newell Highway -> Sherriff Street -> Dowling Street -> Parkes Road -> Newell Highway -> Coobang Road -> Renshaw-McGirr Way -> Forbes Street -> Renshaw McGirr Way -> Renshaw-McGirr Way -> Renshaw McGirr Way -> Showground Road -> Percy Street -> Nanima Crescent -> Lee Street -> Mitchell Highway -> Goolma Road -> Mayne Street -> Herbert Street -> Station Street -> Cope Road -> Robison Street -> Mackay Street -> Main Street -> Ulan Road -> Ulan - Wollar Road -> Barigan Street -> Maitland Street -> Wollar Road -> Bylong Valley Way -> Yarrawa Road -> Virginia Street -> Crinoline Street -> Denman Road -> Jerrys Plains Road -> Pringle Street -> Lonsdale Street -> Pagan Street -> Jerrys Plains Road -> Mount Thorley Road -> Kime Road"
Pilbara,Newman,Option 1,303.7575,Yandeyarra Outcamp Access Road -> Great Northern Highway -> Newman Drive -> Kurra Street -> Spring Street -> Wilara Street -> Selman Avenue -> Yalberee Street -> Giles Avenue -> Leete Place
Pilbara,Perth (Redcliffe),Option 1,1472.0153,Yandeyarra Outcamp Access Road -> Great Northern Highway -> Hepburn Street -> Great Northern Highway -> Mullewa - Wubin Road -> Wubin - Gunyidi Road -> Miling North Road -> Great Northern Highway -> Tonkin Highway -> Great Eastern Highway
Pilbara,Sydney (Erskine Park),Option 2,4641.919900000001,Yandeyarra Outcamp Access Road -> Great Northern Highway -> Wiluna North Road -> Wotton Street -> Goldfields Highway -> Tower Street -> Goldfields Highway -> Coolgardie-Esperance Highway -> Eyre Highway -> Kuhlmann Street -> McKenzie Street -> Eyre Highway -> Victoria Parade -> Augusta Highway -> Main North Road -> Horrocks Pass Road -> Horrocks Highway -> Willowie Road -> Second Street -> RM Williams Way -> Petersburg Road -> Main Street -> Petersburg Road -> Barrier Highway -> Railway Terrace -> Barrier Highway -> Railway Terrace -> Barrier Highway -> Railway Terrace -> Barrier Highway -> Waite Terrace -> Barrier Highway -> Rakow Street -> Galena Street -> Talc Street -> Gossan Street -> Wolfram Street -> Chloride Street -> Cobalt Street -> Iodide Street -> Argent Street -> Barrier Highway -> Myers Street -> Barrier Highway -> Marshall Street -> Nyngan Road -> Barrier Highway -> Mitchell Highway -> Pangee Street -> Moonagee Street -> Nymagee Street -> Mitchell Highway -> Trangie Street -> Mitchell Highway -> Narromine Street -> Dubbo Road -> Mitchell Highway -> Trangie Road -> Dandaloo Street -> Derribong Avenue -> Algalah Street -> Tomingley Road -> Newell Highway -> Gundong Road -> Obley Road -> Obley Street -> Banjo Paterson Way -> Obley Street -> Banjo Paterson Way -> Castle Street -> Market Street -> Hill Street -> Watson Street -> Mitchell Highway -> Northern Distributor Road -> Mitchell Highway -> Vittoria Street -> Brilliant Street -> Stewart Street -> Durham Street -> Kendall Avenue -> Great Western Highway -> Sydney Road -> Great Western Highway -> Main Street -> Lithgow Street -> Mort Street -> Hartley Valley Road -> Browns Gap Road -> Hartley Vale Road -> Jr Street -> Fryer Street -> Hartley Vale Road -> Darling Causeway -> Station Street -> Harley Avenue -> Great Western Highway -> Western Motorway -> Mamre Road Offramp -> Mamre Road -> Banks Drive -> St Clair Avenue -> Rochford Street -> Melville Road -> Moore Street -> Endeavour Avenue -> Bennett Road -> Coonawarra Drive -> Arundel Park Drive -> Lauriston Place
Pilbara,Sydney (Erskine Park),Option 1,4648.499400000001,"Yandeyarra Outcamp Access Road -> Great Northern Highway -> Wiluna North Road -> Wotton Street -> Goldfields Highway -> Tower Street -> Goldfields Highway -> Coolgardie-Esperance Highway -> Eyre Highway -> Kuhlmann Street -> McKenzie Street -> Eyre Highway -> Victoria Parade -> Augusta Highway -> Main North Road -> Horrocks Pass Road -> Horrocks Highway -> Arthur Road -> Reichstein Road -> Arthur Road -> Waters Road -> Girdham Road -> Willochra Road -> Whitewell Road -> Nukunu Yarta Way -> Kelly Road -> Crossman Road -> Appila Road -> Clyde Street -> Ayr Street -> Vohr Street -> Ayr Street -> Cockburn Road -> Wilkins Highway -> Barrier Highway -> Ludgvan Street -> Goyder Highway -> Ring Road -> Goyder Highway -> Sturt Highway -> Lyrup Road -> Lyrup Ferry ""Kingfisher"" -> Wilson Parade -> Thayne Terrace -> Beames Road -> Downer Avenue -> Lyrup Main Road -> Pike Creek Road -> Stanitzki Road -> Sturt Highway -> Eighteenth Street -> Dow Avenue -> Ontario Avenue -> Sixteenth Street -> Walnut Avenue -> Fifteenth Street -> Deakin Avenue -> Seventh Street -> Sturt Highway -> Hendy Road -> Sturt Highway -> Adelaide Street -> Sturt Highway -> Morris Road -> Bertram Road -> Sturt Highway -> Market Street -> McCabe Street -> Sturt Highway -> Moama Street -> Sturt Highway -> Newell Highway -> Sturt Highway -> Edward Street -> Hammond Avenue -> Sturt Highway -> Hume Highway Onramp -> Hume Highway -> Hume Motorway -> Westlink M7 -> Western Motorway Offramp -> Western Motorway Onramp -> Western Motorway -> Roper Road Offramp -> Erskine Park Road -> Coonawarra Drive -> Arundel Park Drive -> Lauriston Place"
WA Goldfields,Adelaide (Cavan),Option 1,2151.5135,Bulong Road -> Black Street -> Boorara Road -> Goldfields Highway -> Coolgardie-Esperance Highway -> Eyre Highway -> Kuhlmann Street -> McKenzie Street -> Eyre Highway -> Victoria Parade -> Augusta Highway -> Frances Terrace -> Augusta Highway -> Port Wakefield Highway -> Port Wakefield Road -> Ryans Road -> Salisbury Highway -> Elder Smith Road -> Maxwell Road -> Bridge Road
WA Goldfields,Brisbane (Yatala),Option 1,3703.7532,Bulong Road -> Black Street -> Boorara Road -> Goldfields Highway -> Coolgardie-Esperance Highway -> Eyre Highway -> Kuhlmann Street -> McKenzie Street -> Eyre Highway -> Victoria Parade -> Augusta Highway -> Main North Road -> Horrocks Pass Road -> Horrocks Highway -> Willowie Road -> Second Street -> RM Williams Way -> Petersburg Road -> Main Street -> Petersburg Road -> Barrier Highway -> Railway Terrace -> Barrier Highway -> Railway Terrace -> Barrier Highway -> Railway Terrace -> Barrier Highway -> Waite Terrace -> Barrier Highway -> Rakow Street -> Galena Street -> Talc Street -> Gossan Street -> Wolfram Street -> Chloride Street -> Cobalt Street -> Iodide Street -> Argent Street -> Barrier Highway -> Myers Street -> Reid Street -> Bourke Street -> West Tilpa Road -> Tilpa-Tonga Road -> Fifty Two Mile Road -> Curranyalpa Road -> Bourke Wilcannia Road -> Bloxham Street -> Bourke Wilcannia Road -> Kidman Way -> Gorrell Avenue -> Richard Street -> Mitchell Street -> Kamilaroi Highway -> Bathurst Street -> Young Street -> Hardie Street -> Bridge Road -> Kamilaroi Highway -> Wee Waa Street -> Peel Street -> Montkeila Street -> Fox Street -> Castlereagh Highway -> Gwydir Highway -> Herbert Street -> Gundabloui Road -> Mungindi Collarenebri Road -> Carnarvon Highway -> St George Street -> Yarouah Street -> Carrigan Road -> Baronga Street -> Carrigan Road -> Gunsynd Way -> McLean Street -> Marshall Street -> Moffatt Street -> Russell Street -> Riddle Street -> Boundary Road -> Leichhardt Highway -> Gore Highway -> Commens Street -> Gore Highway -> Mary Street -> Gore Highway -> Warrego Highway -> Ipswich Motorway -> Logan Motorway -> Pacific Motorway -> Stapylton Jacobs Well Road -> Stanmore Road -> Elderslie Road
WA Goldfields,Emerald,Option 1,3797.3477000000003,Bulong Road -> Black Street -> Boorara Road -> Goldfields Highway -> Coolgardie-Esperance Highway -> Eyre Highway -> Kuhlmann Street -> McKenzie Street -> Eyre Highway -> Victoria Parade -> Augusta Highway -> Main North Road -> Horrocks Pass Road -> Horrocks Highway -> Willowie Road -> Second Street -> RM Williams Way -> Petersburg Road -> Main Street -> Petersburg Road -> Barrier Highway -> Railway Terrace -> Barrier Highway -> Railway Terrace -> Barrier Highway -> Railway Terrace -> Barrier Highway -> Waite Terrace -> Barrier Highway -> Rakow Street -> Galena Street -> Talc Street -> Gossan Street -> Wolfram Street -> Chloride Street -> Cobalt Street -> Iodide Street -> Argent Street -> Barrier Highway -> Myers Street -> Reid Street -> Bourke Street -> West Tilpa Road -> Tilpa-Tonga Road -> Fifty Two Mile Road -> Curranyalpa Road -> Bourke Wilcannia Road -> Bloxham Street -> Bourke Wilcannia Road -> Kidman Way -> Gorrell Avenue -> Richard Street -> Mitchell Street -> Kamilaroi Highway -> Bathurst Street -> Young Street -> Hardie Street -> Bridge Road -> Kamilaroi Highway -> Goodooga Road -> Adams Street -> Goodooga Road -> Hebel - Goodooga Road -> Woolerbilla Road -> Maud Street -> William Street -> Margaret Street -> Castlereagh Highway -> Railway Street -> Castlereagh Highway -> Carnarvon Highway -> Salmon Road -> Carnarvon Highway -> Cordelia Street -> Burrowes Street -> Carnarvon Highway -> Warrego Highway -> Roslyn Drive -> Beaumont Drive -> George Street East -> Short Street -> Knayers Lane -> Carnarvon Highway -> Hutton Street -> Carnarvon Highway -> Dawson Highway -> William Street -> Eclipse Street -> Eclipse Street Bypass -> Gregory Highway -> Capricorn Highway -> Vince Lester Bridge -> Clermont Street -> Opal Street -> New Street
WA Goldfields,Kalgoorlie,Option 1,6.9392,Bulong Road -> Williamstown Road -> Goldfields Highway -> Hannan Street -> Maritana Street -> Piccadilly Street -> Hawkins Street
WA Goldfields,Mackay (Paget),Option 1,4158.3036,Bulong Road -> Black Street -> Boorara Road -> Goldfields Highway -> Coolgardie-Esperance Highway -> Eyre Highway -> Kuhlmann Street -> McKenzie Street -> Eyre Highway -> Victoria Parade -> Augusta Highway -> Main North Road -> Horrocks Pass Road -> Horrocks Highway -> Willowie Road -> Second Street -> RM Williams Way -> Petersburg Road -> Main Street -> Petersburg Road -> Barrier Highway -> Railway Terrace -> Barrier Highway -> Railway Terrace -> Barrier Highway -> Railway Terrace -> Barrier Highway -> Waite Terrace -> Barrier Highway -> Rakow Street -> Galena Street -> Talc Street -> Gossan Street -> Wolfram Street -> Chloride Street -> Cobalt Street -> Iodide Street -> Argent Street -> Barrier Highway -> Myers Street -> Reid Street -> Bourke Street -> West Tilpa Road -> Tilpa-Tonga Road -> Fifty Two Mile Road -> Curranyalpa Road -> Bourke Wilcannia Road -> Bloxham Street -> Bourke Wilcannia Road -> Kidman Way -> Gorrell Avenue -> Richard Street -> Mitchell Street -> Kamilaroi Highway -> Bathurst Street -> Young Street -> Hardie Street -> Bridge Road -> Kamilaroi Highway -> Goodooga Road -> Adams Street -> Goodooga Road -> Hebel - Goodooga Road -> Woolerbilla Road -> Maud Street -> William Street -> Margaret Street -> Castlereagh Highway -> Railway Street -> Castlereagh Highway -> Carnarvon Highway -> Salmon Road -> Carnarvon Highway -> Cordelia Street -> Burrowes Street -> Carnarvon Highway -> Yuleba-Surat Road -> Roma Condamine Road -> Yuleba - Surat Road -> Bedwell Street -> Warrego Highway -> Yuleba North Road -> Horse Creek Road -> Bundi Road -> Perretts Road -> Chapmans Road -> Yeovil Road -> Roma Taroom Road -> Roma - Taroom Road -> Leichhardt Highway -> Bowen Street -> Leichhardt Highway -> Burnett Highway -> Coronation Drive -> Central Street -> James Street -> Burnett Highway -> Bruce Highway -> Yeppen Crossing -> Lower Dawson Road (Bruce Highway) -> Gladstone Road (Bruce Highway) -> George Street (Bruce Highway) -> Fitzroy Street -> Queen Elizabeth Drive -> Musgrave Street -> Yaamba Road (Bruce Highway) -> Bruce Highway -> Kunwarara Road -> Bruce Highway -> Brown Street -> Bruce Highway -> Broad Street -> Bruce Highway -> Farrellys Road -> Michelmore Street -> Boundary Road East
WA Goldfields,Mt Thorley,Option 1,3324.4115,Bulong Road -> Black Street -> Boorara Road -> Goldfields Highway -> Coolgardie-Esperance Highway -> Eyre Highway -> Kuhlmann Street -> McKenzie Street -> Eyre Highway -> Victoria Parade -> Augusta Highway -> Main North Road -> Horrocks Pass Road -> Horrocks Highway -> Willowie Road -> Second Street -> RM Williams Way -> Petersburg Road -> Main Street -> Petersburg Road -> Barrier Highway -> Railway Terrace -> Barrier Highway -> Railway Terrace -> Barrier Highway -> Railway Terrace -> Barrier Highway -> Waite Terrace -> Barrier Highway -> Rakow Street -> Galena Street -> Talc Street -> Gossan Street -> Wolfram Street -> Chloride Street -> Cobalt Street -> Iodide Street -> Argent Street -> Barrier Highway -> Myers Street -> Barrier Highway -> Marshall Street -> Nyngan Road -> Barrier Highway -> Mitchell Highway -> Pangee Street -> Moonagee Street -> Nymagee Street -> Mitchell Highway -> Trangie Street -> Warren Street -> Oxley Highway -> Burton Street -> Coonamble Road -> Oxley Highway -> Warren Road -> Waugan Street -> Willie Street -> Castlereagh Street -> Jack Renshaw Bridge -> Newell Highway -> Castlereagh Highway -> Bandulla Street -> Castlereagh Highway -> Bolaro Street -> Sullivan Street -> Golden Highway -> Telfer Street -> Bettington Street -> King George V Avenue -> Golden Highway -> Merriwa Road -> Palace Street -> Crinoline Street -> Denman Road -> Jerrys Plains Road -> Pringle Street -> Lonsdale Street -> Pagan Street -> Jerrys Plains Road -> Mount Thorley Road -> Kime Road
WA Goldfields,Mt Thorley,Option 2,3459.3104,"Bulong Road -> Black Street -> Boorara Road -> Goldfields Highway -> Coolgardie-Esperance Highway -> Eyre Highway -> Kuhlmann Street -> McKenzie Street -> Eyre Highway -> Victoria Parade -> Augusta Highway -> Main North Road -> Horrocks Pass Road -> Horrocks Highway -> Arthur Road -> Reichstein Road -> Arthur Road -> Waters Road -> Girdham Road -> Willochra Road -> Whitewell Road -> Nukunu Yarta Way -> Kelly Road -> Crossman Road -> Appila Road -> Clyde Street -> Ayr Street -> Vohr Street -> Ayr Street -> Cockburn Road -> Wilkins Highway -> Barrier Highway -> Ludgvan Street -> Goyder Highway -> Ring Road -> Goyder Highway -> Sturt Highway -> Lyrup Road -> Lyrup Ferry ""Kingfisher"" -> Wilson Parade -> Thayne Terrace -> Beames Road -> Downer Avenue -> Lyrup Main Road -> Pike Creek Road -> Stanitzki Road -> Sturt Highway -> Eighteenth Street -> Dow Avenue -> Ontario Avenue -> Sixteenth Street -> Walnut Avenue -> Fifteenth Street -> Deakin Avenue -> Seventh Street -> Sturt Highway -> Hendy Road -> Sturt Highway -> Adelaide Street -> Sturt Highway -> Morris Road -> Bertram Road -> Sturt Highway -> Market Street -> McCabe Street -> Sturt Highway -> Moama Street -> Cobb Highway -> Lachlan Street -> Murray Street -> Mid Western Highway -> Zara Street -> Mid Western Highway -> Boomerang Street -> Mid Western Highway -> Railway Street -> Mid Western Highway -> Showground Road -> Compton Road -> Neeld Street -> Newell Highway -> Sherriff Street -> Dowling Street -> Parkes Road -> Newell Highway -> Coobang Road -> Renshaw-McGirr Way -> Forbes Street -> Renshaw McGirr Way -> Renshaw-McGirr Way -> Renshaw McGirr Way -> Showground Road -> Percy Street -> Nanima Crescent -> Lee Street -> Mitchell Highway -> Goolma Road -> Mayne Street -> Herbert Street -> Station Street -> Cope Road -> Robison Street -> Mackay Street -> Main Street -> Ulan Road -> Ulan - Wollar Road -> Barigan Street -> Maitland Street -> Wollar Road -> Bylong Valley Way -> Yarrawa Road -> Virginia Street -> Crinoline Street -> Denman Road -> Jerrys Plains Road -> Pringle Street -> Lonsdale Street -> Pagan Street -> Jerrys Plains Road -> Mount Thorley Road -> Kime Road"
WA Goldfields,Newman,Option 1,975.7001,Bulong Road -> Williamstown Road -> Goldfields Highway -> Tower Street -> Goldfields Highway -> Wotton Street -> Wiluna North Road -> Great Northern Highway -> Kalgan Drive -> Newman Drive -> Mindarra Drive -> Rudall Avenue -> Yalberee Street -> Giles Avenue -> Leete Place
WA Goldfields,Newman,Option 2,1286.7025,Bulong Road -> Williamstown Road -> Goldfields Highway -> Tower Street -> Goldfields Highway -> Mount Magnet Leinster Road -> Hepburn Street -> Great Northern Highway -> Kalgan Drive -> Newman Drive -> Mindarra Drive -> Rudall Avenue -> Yalberee Street -> Giles Avenue -> Leete Place
WA Goldfields,Perth (Redcliffe),Option 1,587.4444,Bulong Road -> Williamstown Road -> Goldfields Highway -> Hannan Street -> Great Eastern Highway -> Bayley Street -> Great Eastern Highway -> Orion Street -> Great Eastern Highway -> Donnan Street -> Great Eastern Highway -> Roe Highway -> Great Eastern Highway Bypass
WA Goldfields,Sydney (Erskine Park),Option 2,3373.7806,Bulong Road -> Black Street -> Boorara Road -> Goldfields Highway -> Coolgardie-Esperance Highway -> Eyre Highway -> Kuhlmann Street -> McKenzie Street -> Eyre Highway -> Victoria Parade -> Augusta Highway -> Main North Road -> Horrocks Pass Road -> Horrocks Highway -> Willowie Road -> Second Street -> RM Williams Way -> Petersburg Road -> Main Street -> Petersburg Road -> Barrier Highway -> Railway Terrace -> Barrier Highway -> Railway Terrace -> Barrier Highway -> Railway Terrace -> Barrier Highway -> Waite Terrace -> Barrier Highway -> Rakow Street -> Galena Street -> Talc Street -> Gossan Street -> Wolfram Street -> Chloride Street -> Cobalt Street -> Iodide Street -> Argent Street -> Barrier Highway -> Myers Street -> Barrier Highway -> Marshall Street -> Nyngan Road -> Barrier Highway -> Mitchell Highway -> Pangee Street -> Moonagee Street -> Nymagee Street -> Mitchell Highway -> Trangie Street -> Mitchell Highway -> Narromine Street -> Dubbo Road -> Mitchell Highway -> Trangie Road -> Dandaloo Street -> Derribong Avenue -> Algalah Street -> Tomingley Road -> Newell Highway -> Gundong Road -> Obley Road -> Obley Street -> Banjo Paterson Way -> Obley Street -> Banjo Paterson Way -> Castle Street -> Market Street -> Hill Street -> Watson Street -> Mitchell Highway -> Northern Distributor Road -> Mitchell Highway -> Vittoria Street -> Brilliant Street -> Stewart Street -> Durham Street -> Kendall Avenue -> Great Western Highway -> Sydney Road -> Great Western Highway -> Main Street -> Lithgow Street -> Mort Street -> Hartley Valley Road -> Browns Gap Road -> Hartley Vale Road -> Jr Street -> Fryer Street -> Hartley Vale Road -> Darling Causeway -> Station Street -> Harley Avenue -> Great Western Highway -> Western Motorway -> Mamre Road Offramp -> Mamre Road -> Banks Drive -> St Clair Avenue -> Rochford Street -> Melville Road -> Moore Street -> Endeavour Avenue -> Bennett Road -> Coonawarra Drive -> Arundel Park Drive -> Lauriston Place
WA Goldfields,Sydney (Erskine Park),Option 1,3380.36,"Bulong Road -> Black Street -> Boorara Road -> Goldfields Highway -> Coolgardie-Esperance Highway -> Eyre Highway -> Kuhlmann Street -> McKenzie Street -> Eyre Highway -> Victoria Parade -> Augusta Highway -> Main North Road -> Horrocks Pass Road -> Horrocks Highway -> Arthur Road -> Reichstein Road -> Arthur Road -> Waters Road -> Girdham Road -> Willochra Road -> Whitewell Road -> Nukunu Yarta Way -> Kelly Road -> Crossman Road -> Appila Road -> Clyde Street -> Ayr Street -> Vohr Street -> Ayr Street -> Cockburn Road -> Wilkins Highway -> Barrier Highway -> Ludgvan Street -> Goyder Highway -> Ring Road -> Goyder Highway -> Sturt Highway -> Lyrup Road -> Lyrup Ferry ""Kingfisher"" -> Wilson Parade -> Thayne Terrace -> Beames Road -> Downer Avenue -> Lyrup Main Road -> Pike Creek Road -> Stanitzki Road -> Sturt Highway -> Eighteenth Street -> Dow Avenue -> Ontario Avenue -> Sixteenth Street -> Walnut Avenue -> Fifteenth Street -> Deakin Avenue -> Seventh Street -> Sturt Highway -> Hendy Road -> Sturt Highway -> Adelaide Street -> Sturt Highway -> Morris Road -> Bertram Road -> Sturt Highway -> Market Street -> McCabe Street -> Sturt Highway -> Moama Street -> Sturt Highway -> Newell Highway -> Sturt Highway -> Edward Street -> Hammond Avenue -> Sturt Highway -> Hume Highway Onramp -> Hume Highway -> Hume Motorway -> Westlink M7 -> Western Motorway Offramp -> Western Motorway Onramp -> Western Motorway -> Roper Road Offramp -> Erskine Park Road -> Coonawarra Drive -> Arundel Park Drive -> Lauriston Place"
